word,dateCreated,dateModified,guid,id,morph_type,sense_id,sense_number,grammatical_info,scientific_name,gloss_pt,gloss_en,gloss_es,definition_pt,definition_en,definition_es,example_number,example_ver,free_pt,free_en,free_es
akë,2013-06-11T16:18:21Z,2018-02-04T12:01:08Z,c327173c-67e9-471a-af66-1904d621550c,akë_c327173c-67e9-471a-af66-1904d621550c,root,614f897d-6d83-4048-8540-99df99d6d038,1,Verbo,,desviar; esquivar-se,,,desviar; esquivar-se,,,1,"Kakarina he akëtarioma, maa manɨ he xeeo pihioimi yaro.",Kakarina desviou a cabeça para não ser atingido pela pedra.,,
akëɨ,2013-07-30T10:20:58Z,2018-02-04T12:01:08Z,f9bacad7-8215-4a38-822f-62cba4ab6709,akëɨ_f9bacad7-8215-4a38-822f-62cba4ab6709,stem,cf007235-1d2c-478b-9b5d-7bd34ed8060d,1,Verbo,,desviar; esquivar-se,,,,,,1,"Kakarina he akëtarioma, maa manɨ he xeeo pihioimi yaro.",Kakarina desviou a cabeça para não ser atingido pela pedra.,,
ara wakërima,2013-07-28T19:07:06Z,2018-02-04T12:01:08Z,4744e46e-91f7-4da1-aca3-dbc613351967,ara wakërima_4744e46e-91f7-4da1-aca3-dbc613351967,discontiguous phrase,6b004a85-6139-4e18-b282-aad3901f4a67,1,Substantivo do Tipo 1,Ara  macao,Araracanga,Scarlet Macaw,Guacamayo Macao,,,,1,ouvir canto,,,
ara wakërima,2013-07-28T19:07:06Z,2018-02-04T12:01:08Z,4744e46e-91f7-4da1-aca3-dbc613351967,ara wakërima_4744e46e-91f7-4da1-aca3-dbc613351967,discontiguous phrase,8adeffa9-f418-4f11-8d06-9a97ea531161,2,Substantivo do Tipo 1,Ara chloropterus,Arara-vermelha-grande,Red-and-green Macaw,Guacamayo Aliverde,,,,1,ouvir canto,,,
ãsẽkẽrĩma kɨkɨ,2013-07-28T19:07:07Z,2018-02-04T12:01:08Z,6e7a317a-ca9a-4cef-a3d7-471170881096,ãsẽkẽrĩma kɨkɨ_6e7a317a-ca9a-4cef-a3d7-471170881096,discontiguous phrase,768e3ed9-cb02-4ffa-b631-f3e50c335c44,1,Substantivo com classificador,Musa sp.,cacho de tipo de banana,,racimo de tipo de plátano,,,,,,,,
ẽekẽpraɨ,2013-07-30T10:20:59Z,2018-02-04T12:01:08Z,c88c3f14-8138-4b25-9ecd-af28d50c0213,ẽekẽpraɨ_c88c3f14-8138-4b25-9ecd-af28d50c0213,stem,e8535556-2dcb-4e9d-9275-2f1ace7b7e78,1,Verbo dinâmico,,rasgar,,,,,,1,"Ararai anɨ wã wãyomayotima thë tũrũ thaɨ ha, morĩ papeo si ẽekẽprarema.",Ararai rasgou uma folha do caderno para escrever uma carta.,,
ẽekẽpraɨ,2013-07-30T10:20:59Z,2018-02-04T12:01:08Z,c88c3f14-8138-4b25-9ecd-af28d50c0213,ẽekẽpraɨ_c88c3f14-8138-4b25-9ecd-af28d50c0213,stem,e8535556-2dcb-4e9d-9275-2f1ace7b7e78,1,Verbo dinâmico,,rasgar,,,,,,2,Oxe thëpënɨ haromatima yano ha warararima thëkɨ ẽekẽpraremahe.,As crianças rasgaram a tela do posto.,,
ẽekẽpraɨ,2013-07-30T10:20:59Z,2018-02-04T12:01:08Z,c88c3f14-8138-4b25-9ecd-af28d50c0213,ẽekẽpraɨ_c88c3f14-8138-4b25-9ecd-af28d50c0213,stem,e8535556-2dcb-4e9d-9275-2f1ace7b7e78,1,Verbo dinâmico,,rasgar,,,,,,3,Huu tihi pokonɨ hei sako a ẽekeẽprarioma.,Um galho rasgou este saco.,,
ẽekẽpraɨ,2013-07-30T10:20:59Z,2018-02-04T12:01:08Z,c88c3f14-8138-4b25-9ecd-af28d50c0213,ẽekẽpraɨ_c88c3f14-8138-4b25-9ecd-af28d50c0213,stem,e8535556-2dcb-4e9d-9275-2f1ace7b7e78,1,Verbo dinâmico,,rasgar,,,,,,4,"Hɨ̃rɨ̃matima anɨ wao a akatahu au ẽekẽprarema, Okorima poo wanaka õkãpraaɨ ha.",O AIS rasgou um pano limpo para envolver o ferimento da Okorima.,,
ẽẽkẽ,2013-06-11T16:18:21Z,2018-02-04T12:01:08Z,0fd1d098-41f1-48d9-86ac-a99cb5c78b6a,ẽẽkẽ_0fd1d098-41f1-48d9-86ac-a99cb5c78b6a,root,e7b98673-425d-41a6-97a2-f3c0805af6fe,1,Verbo,,rasgar,to_tear,,rasgar,,,1,"Ararai anɨ wã wãyomayotima thë tũrũ thaɨ ha, morĩ papeo si ẽekẽprarema.",Ararai rasgou uma folha do caderno para escrever uma carta.,,
ẽẽkẽ,2013-06-11T16:18:21Z,2018-02-04T12:01:08Z,0fd1d098-41f1-48d9-86ac-a99cb5c78b6a,ẽẽkẽ_0fd1d098-41f1-48d9-86ac-a99cb5c78b6a,root,e7b98673-425d-41a6-97a2-f3c0805af6fe,1,Verbo,,rasgar,to_tear,,rasgar,,,2,Oxe thëpënɨ haromatima yano ha warararima thëkɨ ẽekẽpraremahe.,As crianças rasgaram a tela do posto.,,
ẽẽkẽ,2013-06-11T16:18:21Z,2018-02-04T12:01:08Z,0fd1d098-41f1-48d9-86ac-a99cb5c78b6a,ẽẽkẽ_0fd1d098-41f1-48d9-86ac-a99cb5c78b6a,root,e7b98673-425d-41a6-97a2-f3c0805af6fe,1,Verbo,,rasgar,to_tear,,rasgar,,,3,Huu tihi pokonɨ hei sako a ẽekeẽprarioma.,Um galho rasgou este saco.,,
ẽẽkẽ,2013-06-11T16:18:21Z,2018-02-04T12:01:08Z,0fd1d098-41f1-48d9-86ac-a99cb5c78b6a,ẽẽkẽ_0fd1d098-41f1-48d9-86ac-a99cb5c78b6a,root,e7b98673-425d-41a6-97a2-f3c0805af6fe,1,Verbo,,rasgar,to_tear,,rasgar,,,4,"Hɨ̃rɨ̃matima anɨ wao a akatahu au ẽekẽprarema, Okorima poo wanaka õkãpraaɨ ha.",O AIS rasgou um pano limpo para envolver o ferimento da Okorima.,,
ẽẽkẽ,2013-06-11T16:18:21Z,2018-02-04T12:01:08Z,0fd1d098-41f1-48d9-86ac-a99cb5c78b6a,ẽẽkẽ_0fd1d098-41f1-48d9-86ac-a99cb5c78b6a,root,e7b98673-425d-41a6-97a2-f3c0805af6fe,1,Verbo,,rasgar,to_tear,,rasgar,,,5,Ipa caterno wa sipë ẽẽkã nomai.,Não arranque as folhas do meu caderno.,,
ẽẽkẽpraɨ,2013-07-30T10:20:59Z,2018-02-04T12:01:08Z,595032f7-56cb-4e77-890e-b520471350b1,ẽẽkẽpraɨ_595032f7-56cb-4e77-890e-b520471350b1,stem,300082ef-b77f-431e-9453-5593d0c7ced5,1,Verbo dinâmico,,"rasgar (papel, bano, rede...)",,,,,,1,Ɨrana anɨ kamixa kɨkɨ ẽẽkeprarema.,,,
ẽẽkẽpraɨ,2013-07-30T10:20:59Z,2018-02-04T12:01:08Z,595032f7-56cb-4e77-890e-b520471350b1,ẽẽkẽpraɨ_595032f7-56cb-4e77-890e-b520471350b1,stem,300082ef-b77f-431e-9453-5593d0c7ced5,1,Verbo dinâmico,,"rasgar (papel, bano, rede...)",,,,,,2,Kamixa yakɨ ẽẽkeprarema.,,,
ẽẽkẽpraɨ,2013-07-30T10:20:59Z,2018-02-04T12:01:08Z,595032f7-56cb-4e77-890e-b520471350b1,ẽẽkẽpraɨ_595032f7-56cb-4e77-890e-b520471350b1,stem,300082ef-b77f-431e-9453-5593d0c7ced5,1,Verbo dinâmico,,"rasgar (papel, bano, rede...)",,,,,,3,Hei kamixa wa kɨkɨ uturi ya kɨkɨ ẽẽkẽpraɨ.,,,
ëkë,2013-06-11T16:18:21Z,2018-02-04T12:01:08Z,5e7dee9b-8424-4110-a63b-30e2876367d6,ëkë_5e7dee9b-8424-4110-a63b-30e2876367d6,root,b556956a-7e63-46dc-b9e8-79f91e9baae3,1,Verbo,,arrancar (macaxeira),to_pluck,,arrancar (macaxeira),,,1,Thuwë anɨ naxikoko kɨ ëkaɨ.,A mulher está arrancando macaxeira.,,
ëkë,2013-06-11T16:18:21Z,2018-02-04T12:01:08Z,5e7dee9b-8424-4110-a63b-30e2876367d6,ëkë_5e7dee9b-8424-4110-a63b-30e2876367d6,root,b556956a-7e63-46dc-b9e8-79f91e9baae3,1,Verbo,,arrancar (macaxeira),to_pluck,,arrancar (macaxeira),,,2,Hei naxikokokɨ kakii weyaha kami yanɨ ya kokokɨ ëkërema.,Esta macaxeira eu colhi ontem.,,
ëkë,2013-06-11T16:18:21Z,2018-02-04T12:01:08Z,5e7dee9b-8424-4110-a63b-30e2876367d6,ëkë_5e7dee9b-8424-4110-a63b-30e2876367d6,root,b556956a-7e63-46dc-b9e8-79f91e9baae3,1,Verbo,,arrancar (macaxeira),to_pluck,,arrancar (macaxeira),,,3,"Matorai anɨ Amarina a wɨɨpë ha rãkãma e thuku ëkërema, ɨ̃hɨ̃ tëhë thuku ha wamoreprarɨnɨ, pei heri e ahate ha thuku yãa xoakema.","Matorai tirou a rede do cesto da Amarina, a desenrolou e a atou perto da rede seu cunhado.",,
ëkëi,2013-07-30T10:21:02Z,2018-02-04T12:01:08Z,c9e75d2d-0c5f-4157-9625-03533e3f4c75,ëkëi_c9e75d2d-0c5f-4157-9625-03533e3f4c75,stem,3a6cbe77-9693-4f24-b2db-562317ca8a67,1,Verbo,,excluir; tirar,,,,,,1,"Apiama xẽe enɨ ai kaxa pë ëkërarema, ɨ̃hɨ̃ apiama a pɨtɨ mahĩ hikirayoma yaro.",O piloto excluiu algumas caixas do avião porque ele já estava muito pesado.,,
ëkëɨ,2013-07-30T10:21:02Z,2018-02-04T12:01:08Z,f99cffa2-0b2a-43fd-8f9f-f42de6098955,ëkëɨ1_f99cffa2-0b2a-43fd-8f9f-f42de6098955,stem,c274de94-09ab-48c5-8719-dca0ccfdf3c1,1,Verbo,,dar (um pouco de algo que tem mais),,,,,,1,Kaho wanɨ morĩ uhea wa a ëkëpi. Kami ya yurimuu pihio.,Você pode me arranjar uns anzóis. Eu quero pescar.,,
ëkëɨ,2013-07-30T10:21:02Z,2018-02-04T12:01:08Z,ead22bc7-f852-4bb7-91fd-6ab72ed5eb53,ëkëɨ2_ead22bc7-f852-4bb7-91fd-6ab72ed5eb53,stem,03b921c9-537f-453d-8334-13e514ac5458,1,Verbo,,tirar de dentro; descarregar,,,,,,1,"Apiama aha matihi pë ëkëa ha huraararɨnɨ, napë anɨ wãmotima thëpë ëkërarema pei thëpë pesi ha.","Depois de descarregar o avião, o branco desencaixotou sua comida.",,
ëkëɨ,2013-07-30T10:21:02Z,2018-02-04T12:01:08Z,ead22bc7-f852-4bb7-91fd-6ab72ed5eb53,ëkëɨ2_ead22bc7-f852-4bb7-91fd-6ab72ed5eb53,stem,03b921c9-537f-453d-8334-13e514ac5458,1,Verbo,,tirar de dentro; descarregar,,,,,,2,"Hiramatima thëpënɨ kõpi aha matihi pë toaɨ wei pë ha ëkërarɨhenɨ, pei pë pesi thaa xoapraremahe.",Os professores descarregaram as compras da Kombi e foram empacotar sua bagagem.,,
ëkëɨ,2013-07-30T10:21:02Z,2018-02-04T12:01:08Z,9deb036f-af83-4f99-b364-ef213e139ddc,ëkëɨ3_9deb036f-af83-4f99-b364-ef213e139ddc,stem,3d02dae1-2286-44ac-bcfa-d6d6aeb074b2,1,Verbo,,tirar (de dentro),,,,,,1,"Matorai anɨ Amarina a wɨɨpë ha rãkãma e thuku ëkërema, ɨ̃hɨ̃ tëhë thuku ha wamoreprarɨnɨ, pei heri e ahate ha thuku yãa xoakema.","Matorai tirou a rede do cesto da Amarina, a desenrolou e a atou perto da rede seu cunhado.",,
ëkëɨ,2013-07-30T10:21:02Z,2018-02-04T12:01:08Z,9bc4dfac-6a31-4c25-a31f-f2e026002007,ëkëɨ4_9bc4dfac-6a31-4c25-a31f-f2e026002007,stem,37a97f20-5ebe-4876-87da-d5c138e4740b,1,Verbo,,desencravar; tirar,,,,,,1,Pei ya uremesi ha yuri ya mosi ëkëa totihipraimi.,Não consigo tirar uma espinha de peixe da minha garganta.,,
ëkëɨ,2013-07-30T10:21:02Z,2018-02-04T12:01:08Z,01449ea7-b529-42d3-9e1d-88ff8e848825,ëkëɨ5_01449ea7-b529-42d3-9e1d-88ff8e848825,stem,32f10725-bae9-4429-8b5f-b2e267a05ccf,1,Verbo,,tirar,,,,,,1,"Reahumuu wei thëha, yano thëri pënɨ esikora huu tihikɨ rasi ëkëremahe.","Por causa da festa, a comunidade tirou os bancos da escola.",,
ëkrëkë,2013-06-11T16:18:21Z,2018-02-04T12:01:08Z,83fe23a2-c97b-45d0-b992-5a4557863ce6,ëkrëkë_83fe23a2-c97b-45d0-b992-5a4557863ce6,root,5f1b1e28-3800-4fcd-a167-5f085b7f6c33,1,Verbo adjetivo,,enrugado (roupa),,,enrugado (roupa),,,1,Ipa kamixa kɨkɨ sikɨ ëkrëkë.,,,
ëkrëkë,2013-06-11T16:18:21Z,2018-02-04T12:01:08Z,83fe23a2-c97b-45d0-b992-5a4557863ce6,ëkrëkë_83fe23a2-c97b-45d0-b992-5a4557863ce6,root,5f1b1e28-3800-4fcd-a167-5f085b7f6c33,1,Verbo adjetivo,,enrugado (roupa),,,enrugado (roupa),,,2,"Thuwë anɨ kamixa kɨkɨ thooro mahi tharema yaro, e kɨkɨ ëkrëkë.",,,
ëkrëkë,2013-07-30T10:21:02Z,2018-02-04T12:01:08Z,247e7079-8e81-4a8f-b7e9-601861b59ea0,ëkrëkë2_247e7079-8e81-4a8f-b7e9-601861b59ea0,stem,66900278-477b-4593-b8fc-28572ef7c2d3,1,Verbo adjetivo,,enrugado (roupa),,,,,,1,Ipa kamixa kɨkɨ sikɨ ëkrëkë.,,,
ëkrëkë,2013-07-30T10:21:02Z,2018-02-04T12:01:08Z,247e7079-8e81-4a8f-b7e9-601861b59ea0,ëkrëkë2_247e7079-8e81-4a8f-b7e9-601861b59ea0,stem,66900278-477b-4593-b8fc-28572ef7c2d3,1,Verbo adjetivo,,enrugado (roupa),,,,,,2,"Thuwë anɨ kamixa kɨkɨ thooro mahi tharema yaro, e kɨkɨ ëkrëkë.",,,
ërëkë,2013-06-11T16:18:21Z,2018-02-04T12:01:08Z,3e99d0a0-e381-4956-9939-28e39af9a47c,ërëkë_3e99d0a0-e381-4956-9939-28e39af9a47c,root,20a10127-4b51-48bd-a676-2e38423d1286,1,Verbo adjetivo,,esquelético,,,esquelético,,,1,yarima hoko ërëkë.,,,
ërëkë,2013-06-11T16:18:21Z,2018-02-04T12:01:08Z,3e99d0a0-e381-4956-9939-28e39af9a47c,ërëkë_3e99d0a0-e381-4956-9939-28e39af9a47c,root,20a10127-4b51-48bd-a676-2e38423d1286,1,Verbo adjetivo,,esquelético,,,esquelético,,,2,Paxo ukunɨ hamapënɨ Himotona aha paxo u warɨhenɨ a ërëkë,,,
ërëkë,2013-07-30T10:21:02Z,2018-02-04T12:01:08Z,b512fba3-cea7-404d-a34b-86c01ec3aea7,ërëkë2_b512fba3-cea7-404d-a34b-86c01ec3aea7,stem,59a7d18e-c793-4ec5-a05b-ca5e3fd1a1c3,1,Verbo adjetivo,,esquelético,,,,,,1,yarima hoko ërëkë.,,,
ërëkë,2013-07-30T10:21:02Z,2018-02-04T12:01:08Z,b512fba3-cea7-404d-a34b-86c01ec3aea7,ërëkë2_b512fba3-cea7-404d-a34b-86c01ec3aea7,stem,59a7d18e-c793-4ec5-a05b-ca5e3fd1a1c3,1,Verbo adjetivo,,esquelético,,,,,,2,Paxo ukunɨ hamapënɨ Himotona aha paxo u warɨhenɨ a ërëkë,,,
ërëkëɨ,2013-07-30T10:21:02Z,2018-02-04T12:01:08Z,70e22f54-e277-4144-ab26-a30ceb3bf38f,ërëkëɨ_70e22f54-e277-4144-ab26-a30ceb3bf38f,stem,7ab77c94-5e35-4af3-bc94-ebad093695dc,1,Verbo,,diminuir de peso,,,,,,1,Parɨkɨ wapratima a wainɨ wa ërëkërayoma.,,,
he këakëamo,2013-07-30T10:21:05Z,2018-02-04T12:01:08Z,a75e6e68-8737-4b5a-8c43-7de59b310e38,he këakëamo_a75e6e68-8737-4b5a-8c43-7de59b310e38,discontiguous phrase,96e88c36-bb42-4706-8e4c-696e05b1f638,1,Verbo,,balaçar a cabeça (afirmando),,,,,,1,"Kakarina kasi ha waterɨnɨ, he këakëamorayoma, “awei” he kuu ha.",Kakarina sorriu e concordou com a cabeça.,,
hekë,2015-09-08T23:42:19Z,2018-02-04T12:01:08Z,c3859fc7-4cd4-43a5-b210-4d81a9cbd042,hekë_c3859fc7-4cd4-43a5-b210-4d81a9cbd042,stem,6b52346a-cd30-42af-b46f-24e1aac3fb98,1,Verbo,,colher,to reap,,,,,,,,,
hëkë,2013-06-11T16:18:21Z,2018-02-04T12:01:08Z,9bf0ade3-a632-47c2-a400-aedbf8aa6247,hëkë_9bf0ade3-a632-47c2-a400-aedbf8aa6247,root,182e131c-541d-4d27-bbc0-14e0f10fd673,1,Verbo,,tomar,,,tomar,,,1,Huëmatima pënɨ proro pë mokaa pë hëkëraremahe.,Os policiais tomaram as armas dos garimpeiros.,,
hëkëɨ,2013-07-30T10:21:11Z,2018-02-04T12:01:08Z,353eb2a3-62c9-4a9d-80e9-46f3c2e54a2c,hëkëɨ_353eb2a3-62c9-4a9d-80e9-46f3c2e54a2c,stem,a0e1a4b4-0ac2-4c50-86d9-a74808d55f8e,1,Verbo,,tomar,to take,,,,,1,Huëmatima pënɨ proro pë mokaa pë hëkëraremahe.,Os policiais tomaram as armas dos garimpeiros.,,
hëtëɨ piëkëo,2013-07-30T10:21:11Z,2018-02-04T12:01:08Z,4c493757-d10b-449a-9c22-a587c55fd824,hëtëɨ piëkëo_4c493757-d10b-449a-9c22-a587c55fd824,discontiguous phrase,2aa0e02c-9ef7-4f8a-aeea-8a5b0bc5e19f,1,Verbo,,procurar por toda parte,,,,,,1,Kakarina anɨ tũrũtũrũ pëha kama nohi epëãha hëtëa piëkërarema.,O Kakarina varreu o texto procurando nome de seus amigos.,,
hɨpɨa piyëkëaɨ,2013-07-30T10:21:13Z,2018-02-04T12:01:08Z,17f7f93b-b8a5-4652-af07-92a8eeb09b3b,hɨpɨa piyëkëaɨ_17f7f93b-b8a5-4652-af07-92a8eeb09b3b,discontiguous phrase,08a7d61b-344b-45b2-bc7d-0ebd1be7e693,1,Verbo dinâmico,,distribuir,,,,,,1,"Thuwë anɨ naxi hi ha hoyoprarɨnɨ, uhuru thëpëha hi hɨpɨa piyëkëakema.",A mulher partiu o beiju e o distribuiu aos filhos.,,
hoya wakërima,2013-07-28T19:07:36Z,2018-02-04T12:01:08Z,00904731-6ba8-429b-90c5-e48d0b30e42d,hoya wakërima_00904731-6ba8-429b-90c5-e48d0b30e42d,discontiguous phrase,070c5acd-f124-4e0a-a506-61b350c64010,1,Substantivo do Tipo 1,Geotrygon  montana,Pariri,Ruddy Quail-Dove,Paloma-perdiz Común,,,,1,ouvir canto,,,
hukë,2013-06-11T16:18:21Z,2018-02-04T12:01:08Z,d3eb56e9-a8b4-4872-8a87-067a0cca047b,hukë_d3eb56e9-a8b4-4872-8a87-067a0cca047b,root,7c12604f-150b-4344-9833-7705568f75c4,1,Verbo,,retirar,,,retirar,,,1,"Hiima anɨ hiya a nɨ mii waprakema makii, imikɨ rope hukërayoma.","O cachorro quase mordeu o rapaz, mas ele retirou a mão antes.",,
hukë,2013-06-11T16:18:21Z,2018-02-04T12:01:08Z,d3eb56e9-a8b4-4872-8a87-067a0cca047b,hukë_d3eb56e9-a8b4-4872-8a87-067a0cca047b,root,7c12604f-150b-4344-9833-7705568f75c4,1,Verbo,,retirar,,,retirar,,,2,Pei neenɨ pei the eha poo xikɨ hukërema.,A mãe retirou a tesoura na mão da filha pequena.,,
hukë,2013-06-11T16:18:21Z,2018-02-04T12:01:08Z,d3eb56e9-a8b4-4872-8a87-067a0cca047b,hukë_d3eb56e9-a8b4-4872-8a87-067a0cca047b,root,6a5b3835-c951-4ee5-9e5f-0635b340dc91,2,Verbo,,debater-se,flail,,,,,,,,,
hukëaɨ,2013-07-30T10:21:16Z,2018-02-04T12:01:08Z,4a5df75a-6819-47f8-9d6b-bf27f77f52f7,hukëaɨ_4a5df75a-6819-47f8-9d6b-bf27f77f52f7,stem,2d6df0f1-53bc-4b0c-86b2-05d6e68d5f8f,1,Verbo dinâmico,,arrancar,,,,,,1,Oxe thë imikɨ ha Ararai anɨ ripro sikɨ hukërema.,Ararai arrancou livro das mãos da criança.,,
hukëɨ,2013-07-30T10:21:16Z,2018-02-04T12:01:08Z,5304e87c-b5b7-49d7-b986-f157a0cdece3,hukëɨ_5304e87c-b5b7-49d7-b986-f157a0cdece3,stem,4f97a7a9-adaf-46fa-85fb-e6e21b1ee604,1,Verbo,,tomar,,,,,,1,Pixata ha ripro sikɨ ha uhuru a ĩrĩamuu wei Hõrãi anɨ sikɨ hukërema.,O Hõrãi tomou o livro da criança que brincava com ele no chão.,,
imikɨ pakëɨ,2013-07-30T10:21:19Z,2018-02-04T12:01:08Z,39894a98-c07b-46c0-8429-3de622d0cc55,imikɨ pakëɨ_39894a98-c07b-46c0-8429-3de622d0cc55,discontiguous phrase,fe3ece6b-9e29-4926-93bf-2bbf6df482fe,1,Verbo,,encostar (mão),,,,,,1,Thuwë imikɨ pakërayoma mareã xi yopi taaɨ ha.,A mulher encostou a mão na panela para ver se estava quente.,,
imikɨ pakëɨ,2013-07-30T10:21:19Z,2018-02-04T12:01:08Z,39894a98-c07b-46c0-8429-3de622d0cc55,imikɨ pakëɨ_39894a98-c07b-46c0-8429-3de622d0cc55,discontiguous phrase,fe3ece6b-9e29-4926-93bf-2bbf6df482fe,1,Verbo,,encostar (mão),,,,,,2,Wakë aha oxe thë imikɨ pakërayoma.,A criança encostou a mão no fogo.,,
ixĩama wakërima,2013-07-28T19:07:56Z,2018-02-04T12:01:08Z,764764a5-d3ae-4168-a4df-c3993c521988,ixĩama wakërima_764764a5-d3ae-4168-a4df-c3993c521988,discontiguous phrase,7e20f73a-7ade-471b-b5f4-3ee800df6ae9,1,Substantivo do Tipo 1,Campephilus  rubricollis,Pica-pau-de-barriga-vermelha,Red-necked Woodpecker,Picamaderos Cuellirrojo,,,,1,ouvir canto,,,
kë,2013-06-11T16:18:22Z,2018-02-04T12:01:08Z,4e91bad4-d234-470b-bbb5-80a00943a9f9,kë_4e91bad4-d234-470b-bbb5-80a00943a9f9,root,982f93f2-07ee-4201-891e-eed7312b164f,1,Verbo,,quebrar,break,romper,quebrar,break,romper,1,"Huu tihi ha wãrõ thë ha tupohurunɨ, tihi poko këprarema.","Quando o homem subiu na árvore, o galho quebrou.",,
kë,2013-06-11T16:18:22Z,2018-02-04T12:01:08Z,4e91bad4-d234-470b-bbb5-80a00943a9f9,kë_4e91bad4-d234-470b-bbb5-80a00943a9f9,root,982f93f2-07ee-4201-891e-eed7312b164f,1,Verbo,,quebrar,break,romper,quebrar,break,romper,2,Oxe thëpënɨ ãmoã hikɨ këpraremahe.,Crianças quebraram o gravador.,,
kë,2013-06-11T16:18:22Z,2018-02-04T12:01:08Z,4e91bad4-d234-470b-bbb5-80a00943a9f9,kë_4e91bad4-d234-470b-bbb5-80a00943a9f9,root,982f93f2-07ee-4201-891e-eed7312b164f,1,Verbo,,quebrar,break,romper,quebrar,break,romper,3,Kunatoi usi këprarioma.,O Kunatoi quebrou a perna.,,
kë,2013-06-11T16:18:22Z,2018-02-04T12:01:08Z,4e91bad4-d234-470b-bbb5-80a00943a9f9,kë_4e91bad4-d234-470b-bbb5-80a00943a9f9,root,982f93f2-07ee-4201-891e-eed7312b164f,1,Verbo,,quebrar,break,romper,quebrar,break,romper,4,Moto a këprarioma.,O motor quebrou.,,
këa,2013-07-30T10:21:24Z,2018-02-04T12:01:08Z,8788226d-ebda-4698-904d-7dd1918639f8,këa_8788226d-ebda-4698-904d-7dd1918639f8,stem,4d1b5d3e-075a-44da-b345-6935c1391a7b,1,Verbo,,quebrar-se; estrupiar-se,,,,,,1,"Apiama a ha kerɨnɨ, apiama xẽe e kërarioma.",O piloto se quebrou todo quando o avião caiu.,,
këamaɨ,2013-07-30T10:21:24Z,2018-02-04T12:01:08Z,a20ae0e4-b9b2-4c1c-809f-d8a5d4dc7a21,këamaɨ_a20ae0e4-b9b2-4c1c-809f-d8a5d4dc7a21,stem,76672dfb-3763-4bdf-ae11-2fb6cdbf65b3,1,Verbo dinâmico,,derrubar,,,,,,1,"Watori a kohipë mahĩ yaro, huu tihipë këamararema.",O vento forte derrubou as árvores.,,
këpraɨ,2013-07-30T10:21:24Z,2018-02-04T12:01:08Z,f8edc3ae-2189-48a7-ad0f-df7db6555f99,këpraɨ1_f8edc3ae-2189-48a7-ad0f-df7db6555f99,stem,34299ae7-5bca-4e35-914d-491e51fcb542,1,Verbo dinâmico,,desfazer-se; afastar (pessoa de um trabalho),,,,,,1,"1992 tëhë, Brasil thëri pënɨ napë patamotima a këpraremahe.","Em 1992, os brasileiros derrubaram o presidente Collor do poder.",,
këpraɨ,2013-07-30T10:21:24Z,2018-02-04T12:01:08Z,ef7a41ac-ee1a-4b21-898d-c696541d5eb0,këpraɨ2_ef7a41ac-ee1a-4b21-898d-c696541d5eb0,stem,3888dccc-fbc9-4891-a464-83a5d0a48008,1,Verbo dinâmico,,quebrar,,,,,,1,"Huu tihi ha wãrõ thë ha tupohurunɨ, tihi poko këprarema.","Quando o homem subiu na árvore, o galho quebrou.",,
këpraɨ,2013-07-30T10:21:24Z,2018-02-04T12:01:08Z,ef7a41ac-ee1a-4b21-898d-c696541d5eb0,këpraɨ2_ef7a41ac-ee1a-4b21-898d-c696541d5eb0,stem,3888dccc-fbc9-4891-a464-83a5d0a48008,1,Verbo dinâmico,,quebrar,,,,,,2,Oxe thëpënɨ ãmoã hikɨ këpraremahe.,Crianças quebraram o gravador.,,
këpraɨ,2013-07-30T10:21:24Z,2018-02-04T12:01:08Z,4b9872d4-a85a-4adc-9a5a-708be3a58529,këpraɨ3_4b9872d4-a85a-4adc-9a5a-708be3a58529,stem,dbedf862-4407-483f-8625-d6518711d0d4,1,Verbo dinâmico,,quebrar; partir,,,,,,1,"Huu tihi ha a kerɨnɨ, oxe moxoro upë këprarioma.","Quando caiu da árvore, a criança partiu fêmur.",,
këpraɨ,2013-07-30T10:21:24Z,2018-02-04T12:01:08Z,8678b4ca-2900-49d2-ac9e-df2d65373514,këpraɨ4_8678b4ca-2900-49d2-ac9e-df2d65373514,stem,ed1640db-ca7a-4e92-8dee-bbd8caed74d6,1,Verbo dinâmico,,ir-se abaixo,,,,,,1,Yano a këprakema.,A casa foi-se abaixo.,,
këpruu,2013-07-30T10:21:24Z,2018-02-04T12:01:08Z,cbc2234a-5434-4dcc-84e6-57af348b0b9b,këpruu1_cbc2234a-5434-4dcc-84e6-57af348b0b9b,stem,b59d6fba-af35-41ea-8b85-4973bde0ac33,1,Verbo dinâmico,,desabar,,,,,,1,Yano a këpru pihia mahĩa.,A casa está ameaçando desabar.,,
këpruu,2013-07-30T10:21:24Z,2018-02-04T12:01:08Z,4bc87987-84c8-4cfe-bca6-0cd82bd0d13f,këpruu2_4bc87987-84c8-4cfe-bca6-0cd82bd0d13f,stem,c2c3e850-e338-4efe-8049-3f929b4820bf,1,Verbo dinâmico,,quebrar,,,,,,1,Kunatoi usi këprarioma.,O Kunatoi quebrou a perna.,,
këpruu,2013-07-30T10:21:24Z,2018-02-04T12:01:08Z,4bc87987-84c8-4cfe-bca6-0cd82bd0d13f,këpruu2_4bc87987-84c8-4cfe-bca6-0cd82bd0d13f,stem,c2c3e850-e338-4efe-8049-3f929b4820bf,1,Verbo dinâmico,,quebrar,,,,,,2,Moto a këprarioma.,O motor quebrou.,,
këpruu,2013-07-30T10:21:24Z,2018-02-04T12:01:08Z,52c75ab0-0111-4514-bf0c-d482caa01bfa,këpruu3_52c75ab0-0111-4514-bf0c-d482caa01bfa,stem,a4f8edf9-6f41-4f14-aa1b-ea2f16d64aee,1,Verbo dinâmico,,vir abaixo,,,,,,1,"Watori a kohipë mahĩoma yaro, huu tihi këprarioma.","Com vento forte, a árvore veio abaixo.",,
krëkëhë,2013-06-11T16:18:22Z,2018-02-04T12:01:08Z,fa5aa5c7-c689-4264-b35b-378b12edd160,krëkëhë_fa5aa5c7-c689-4264-b35b-378b12edd160,root,7ee80272-2662-4b61-adea-0a55d861926a,1,Verbo,,preso?; enroscado?,,,preso?; enroscado?,,,1,"Kihi pata thë kakiinɨ ai thëpë mamo krëkëhëmapuu taɨ. Kihi wã haɨ tëhë, kõmi mamakai thëpë yãmaka taa.",Aquele velho sabe prender a atenção das pessoas. Quando ele fala todos escutam calados.,,
krẽkẽkrẽkẽma koxi,2013-07-28T19:08:52Z,2018-02-04T12:01:08Z,8b49dfeb-4720-41ac-a5d5-1a52a2076760,krẽkẽkrẽkẽma koxi2_8b49dfeb-4720-41ac-a5d5-1a52a2076760,discontiguous phrase,cc884341-e44a-488a-ae2d-c5a7e3e05bcf,1,Substantivo do Tipo 1,Pteroglossus  viridis,Araçari-miudinho,Green Araçari,Arasarí Verde,,,,1,ouvir canto,,,
mahuku pesi ëkëpramuu,2013-07-30T10:21:27Z,2018-02-04T12:01:08Z,e3fd4502-e41d-4955-bc20-4bca6a687f3e,mahuku pesi ëkëpramuu_e3fd4502-e41d-4955-bc20-4bca6a687f3e,discontiguous phrase,1c0acc6f-0998-4647-b87a-ae409888c01d,1,Verbo dinâmico,,descalçar,,,,,,1,"Pirio yo hamɨ a huhuruu tëhë, pirio yo ãhĩ mahĩ yaro, mahuku pesi ëkëpramorayoma.","No meio da caminhada, descalçou os sapatos por causa da lama.",,
mamo krëkëhëmapuu,2013-07-30T10:21:30Z,2018-02-04T12:01:08Z,5a2eea3b-ef95-4277-8c67-b568a8977f85,mamo krëkëhëmapuu_5a2eea3b-ef95-4277-8c67-b568a8977f85,discontiguous phrase,85bb6767-0a37-441a-9df0-f92ba7ae3d1f,1,Verbo dinâmico,,prender a atenção,,,,,,1,"Kihi pata thë kakiinɨ ai thëpë mamo krëkëhëmapuu taɨ. Kihi wã haɨ tëhë, kõmi mamakai thëpë yãmaka taa.",Aquele velho sabe prender a atenção das pessoas. Quando ele fala todos escutam calados.,,
mamo yakëhu,2013-07-28T19:15:30Z,2018-02-04T12:01:08Z,5d759f62-ed18-4e37-be15-4a5d43d1b4ab,mamo yakëhu_5d759f62-ed18-4e37-be15-4a5d43d1b4ab,discontiguous phrase,a4342d50-fb58-4553-8248-506b2fd7b196,1,Verbo,,"""olho panema""",,,,,,1,Hiima a yẽhẽtẽ makii mamo yakëhu.,,,
mamo yakëhu,2013-07-28T19:15:30Z,2018-02-04T12:01:08Z,5d759f62-ed18-4e37-be15-4a5d43d1b4ab,mamo yakëhu_5d759f62-ed18-4e37-be15-4a5d43d1b4ab,discontiguous phrase,a4342d50-fb58-4553-8248-506b2fd7b196,1,Verbo,,"""olho panema""",,,,,,2,Antôi anɨ yaropë maki urihi anɨ yaropë maprarioma yaro mamo yakëhuu.,,,
mayã wakërima,2013-07-28T19:16:21Z,2018-02-04T12:01:08Z,05f64fea-387c-4649-88c2-4350003100de,mayã wakërima_05f64fea-387c-4649-88c2-4350003100de,discontiguous phrase,bdf82ca1-00a8-44b2-a31d-a3d427ff2b29,1,Substantivo do Tipo 1,Lepidoptera,lagarta comestible,,oruga comestible,,,,,,,,
mo ëkëaɨ,2013-07-30T10:21:39Z,2018-02-04T12:01:08Z,937dd11c-25e5-4699-a734-7a416a8512fd,mo ëkëaɨ_937dd11c-25e5-4699-a734-7a416a8512fd,discontiguous phrase,077e0f10-80b1-4a07-94aa-35b26e740eb6,1,Verbo dinâmico,,descarregar (arma),,,,,,1,"Kakarina a rãma huu wei a ha koponɨ, mokaa mo ha ëkërɨnɨ, a iyaaxoavayoma.","Quando Kakarina chegou em casa depois de caçar, descarregou a arma e foi comer.",,
nakasi watëkërima,2013-07-28T19:17:28Z,2018-02-04T12:01:08Z,f345c503-d74f-4945-a54d-2f8355fd96b8,nakasi watëkërima_f345c503-d74f-4945-a54d-2f8355fd96b8,discontiguous phrase,4646c899-24b4-4054-8966-4af51dbcc202,1,Substantivo do Tipo 1,Gasteropoda,sanguessuga,,"babosa , guarura",,,,,,,,
pakë,2013-06-11T16:18:22Z,2018-02-04T12:01:08Z,f7951af0-4b62-479c-b6c2-a681622e0373,pakë_f7951af0-4b62-479c-b6c2-a681622e0373,root,d5d7dcb8-4950-4d19-b6df-11a48ce0f23d,1,Verbo,,encostar (mão),,,encostar (mão),,,1,Thuwë imikɨ pakërayoma mareã xi yopi taaɨ ha.,A mulher encostou a mão na panela para ver se estava quente.,,
pakë,2013-06-11T16:18:22Z,2018-02-04T12:01:08Z,f7951af0-4b62-479c-b6c2-a681622e0373,pakë_f7951af0-4b62-479c-b6c2-a681622e0373,root,d5d7dcb8-4950-4d19-b6df-11a48ce0f23d,1,Verbo,,encostar (mão),,,encostar (mão),,,2,Wakë aha oxe thë imikɨ pakërayoma.,A criança encostou a mão no fogo.,,
pakëh,2013-06-11T16:18:22Z,2018-02-04T12:01:08Z,dd6129df-d03d-4cce-9f52-f5456c99e3b2,pakëh_dd6129df-d03d-4cce-9f52-f5456c99e3b2,root,5b235cd1-7d6e-4d69-a40a-a9865f86df5f,1,Verbo,,encostar,,,encostar,,,1,"Tixopona a ha hiãhaikɨnɨ, oruxi pakëhëpramarema.","Subindo na ponta dos pés, Tixopona alcançou o caju na árvore.",,
pakëh,2013-06-11T16:18:22Z,2018-02-04T12:01:08Z,dd6129df-d03d-4cce-9f52-f5456c99e3b2,pakëh_dd6129df-d03d-4cce-9f52-f5456c99e3b2,root,5b235cd1-7d6e-4d69-a40a-a9865f86df5f,1,Verbo,,encostar,,,encostar,,,2,Wa moyãmɨkei! Wakë a pakëhë pakëhëmuu mahĩã aho rãkãma thuku ha.,Cuidado! O fogo está encostando na sua rede.,,
pakëh,2013-06-11T16:18:22Z,2018-02-04T12:01:08Z,dd6129df-d03d-4cce-9f52-f5456c99e3b2,pakëh_dd6129df-d03d-4cce-9f52-f5456c99e3b2,root,5b235cd1-7d6e-4d69-a40a-a9865f86df5f,1,Verbo,,encostar,,,encostar,,,3,"Hama pëxo, yano thëri pëxo komi thëpë pakëhayu",Cuidado! O fogo está encostando na sua rede.,,
pakëh,2013-06-11T16:18:22Z,2018-02-04T12:01:08Z,dd6129df-d03d-4cce-9f52-f5456c99e3b2,pakëh_dd6129df-d03d-4cce-9f52-f5456c99e3b2,root,5b235cd1-7d6e-4d69-a40a-a9865f86df5f,1,Verbo,,encostar,,,encostar,,,4,Thuwë eha kami ya pakëhëa.,Cuidado! O fogo está encostando na sua rede.,,
pakëh,2013-06-11T16:18:22Z,2018-02-04T12:01:08Z,dd6129df-d03d-4cce-9f52-f5456c99e3b2,pakëh_dd6129df-d03d-4cce-9f52-f5456c99e3b2,root,5b235cd1-7d6e-4d69-a40a-a9865f86df5f,1,Verbo,,encostar,,,encostar,,,5,Thuwë thëpënɨ wãro thëpë iriyãmaɨ heha thëpë pakëhuu,Cuidado! O fogo está encostando na sua rede.,,
pakëh,2013-06-11T16:18:22Z,2018-02-04T12:01:08Z,dd6129df-d03d-4cce-9f52-f5456c99e3b2,pakëh_dd6129df-d03d-4cce-9f52-f5456c99e3b2,root,5b235cd1-7d6e-4d69-a40a-a9865f86df5f,1,Verbo,,encostar,,,encostar,,,6,thuwë moko thënɨ wãro hiya thë pihiriyã ë̃rããmaɨ yaro thë pakëhoti.,Cuidado! O fogo está encostando na sua rede.,,
pakëhëpramaɨ,2013-07-30T10:22:02Z,2018-02-04T12:01:08Z,8feda49d-0970-46e1-972f-32cf95197fd4,pakëhëpramaɨ_8feda49d-0970-46e1-972f-32cf95197fd4,stem,3e70dd38-900c-4684-82a0-803cf8d5ce21,1,Verbo dinâmico,,alcançar,,,,,,1,"Tixopona a ha hiãhaikɨnɨ, oruxi pakëhëpramarema.","Subindo na ponta dos pés, Tixopona alcançou o caju na árvore.",,
pakëhuu,2013-07-30T10:22:02Z,2018-02-04T12:01:08Z,e1bce735-ca5d-4f77-ad60-85a78e2f4c51,pakëhuu_e1bce735-ca5d-4f77-ad60-85a78e2f4c51,stem,70e6bf3b-bd7f-40b8-a8fb-cba7ebbe9450,1,Verbo dinâmico,,encostar no chão; arrastar,,,,,,1,Wa moyãmɨkei! Wakë a pakëhë pakëhëmuu mahĩã aho rãkãma thuku ha.,Cuidado! O fogo está encostando na sua rede.,,
pëkëpëkëma asi,2013-07-28T19:20:20Z,2018-02-04T12:01:08Z,44f19ac9-c012-4afd-900c-4e88c6f8476e,pëkëpëkëma asi_44f19ac9-c012-4afd-900c-4e88c6f8476e,discontiguous phrase,8a7f7698-dcab-475d-819a-78c51476cb88,1,Substantivo do Tipo 1,Contopus  cooperi,Piuí-boreal,Olive-sided Flycatcher,Pibí Boreal,,,,1,ouvir canto,,,
pihi rëkëɨ,2013-07-30T10:22:23Z,2018-02-04T12:01:08Z,8eca360a-0cec-404d-b878-ccee161b1111,pihi rëkëɨ_8eca360a-0cec-404d-b878-ccee161b1111,discontiguous phrase,3a9ed4f9-dea1-4147-93aa-2f902fa6e9d8,1,Verbo,,doer,,,,,,1,Kaho wa kupë nahã ya pihi rëkëa mahĩrayona.,O que você disse doeu muito.,,
pihi rukëhuruu,2013-07-30T10:22:24Z,2018-02-04T12:01:08Z,a4dafb8b-e524-4752-9200-2fd20705e0e9,pihi rukëhuruu_a4dafb8b-e524-4752-9200-2fd20705e0e9,discontiguous phrase,d57c2968-4ef4-49b4-a41c-8cff017af8f6,1,Verbo dinâmico,,aprofundar-se (conhecimento),,,,,,1,"Hapa tëhë napë ya thãa wãisĩpë mahĩ tama, ɨ̃hɨ̃ makii, yanɨkɨnɨ ya pihi rukëhuruma ɨ̃hɨ̃ kãhĩã ha.","Antes eu sabia muito pouco de português, mas devagar eu fui me aprofundando na língua.",,
pihi yakëhë kuu,2013-07-30T10:22:40Z,2018-02-04T12:01:08Z,73ba37f6-9ed9-4463-bf1e-15aa471e1fcc,pihi yakëhë kuu1_73ba37f6-9ed9-4463-bf1e-15aa471e1fcc,discontiguous phrase,d9c96955-edf6-485e-a5e3-f5da6fcddc01,1,Verbo dinâmico,,confundir-se,,,,,,1,"Apiama xẽe e pihi yakëhë kuuma kuranɨ, aho pẽe nehẽkɨ yakëhë tëruhuma.",O piloto se confundiu e levou seu tabaco para o Toototobi (era para ir para o Demini),,
pihi yakëhë kuu,2013-07-30T10:22:40Z,2018-02-04T12:01:08Z,66066122-b336-48b4-9a1f-c54cea7531d4,pihi yakëhë kuu2_66066122-b336-48b4-9a1f-c54cea7531d4,discontiguous phrase,44143712-a4f3-4267-9cac-ef9b1efc0a86,1,Verbo dinâmico,,confundir,,,,,,1,Kaho wa eha Kakarina a ta pihi yakëhë kuma.,Ele confundiu você com o Kakarina.,,
piyëkë,2013-06-11T16:18:22Z,2018-02-04T12:01:08Z,d8d8fa1c-eb3c-4949-a534-1fda865372e1,piyëkë_d8d8fa1c-eb3c-4949-a534-1fda865372e1,root,38b3959f-d5a8-4daa-a2df-9c1cf49f1ff9,1,Verbo,,procurar por toda parte,,,procurar por toda parte,,,1,Kakarina anɨ tũrũtũrũ pëha kama nohi epëãha hëtëa piëkërarema.,O Kakarina varreu o texto procurando nome de seus amigos.,,
rëkë,2013-06-11T16:18:23Z,2018-02-04T12:01:08Z,045e4dc2-bb08-49c3-9d01-ae12ad355d95,rëkë3_045e4dc2-bb08-49c3-9d01-ae12ad355d95,root,73837a3b-e565-4e94-80ae-f5546be8f4e1,1,Verbo,,"guardar no chão (banana, lenhas...)",,,"guardar no chão (banana, lenhas...)",,,1,Petaniya anɨ paixima kɨkɨ rëkëpu.,,,
rëkë,2013-06-11T16:18:23Z,2018-02-04T12:01:08Z,b6aa8b93-537b-4fc5-a653-f284bbee94d9,rëkë3_b6aa8b93-537b-4fc5-a653-f284bbee94d9,root,4a1c9014-b052-4176-b8d0-86eec1aaa3a9,1,Verbo,,enfiar,,,enfiar,,,1,"Pei hũkã ha oxe thë imi rëkëmamoma, hũka xãmi hoyapramuu ha.",A criança enfiou o dedo no nariz para limpá-lo.,,
rëkë,2013-06-11T16:18:23Z,2018-02-04T12:01:08Z,c0e33e98-a6b5-43a7-babc-23201326c9d8,rëkë2_c0e33e98-a6b5-43a7-babc-23201326c9d8,root,82655eed-b85a-47e3-b486-2e474d794166,1,Verbo,,puxar (de baixo para cima),to_pull,,puxar (de baixo para cima),,,1,Hei tëhë 4 maxa ya hipë rëkërarema.,Hoje pesquei quatro traíras.,,
rëkëɨ,2013-06-11T16:18:23Z,2018-02-04T12:01:08Z,42cf505b-eefe-4325-b1e3-74619b513604,rëkëɨ_42cf505b-eefe-4325-b1e3-74619b513604,root,1c716c72-5cb9-4699-bc15-53cd39cf95db,1,Verbo,,entrar,,,entrar,,,1,Hunasa yano ha yanomama thëpë wai rëkërayoma Poopixitha ha.,Os yanomami ocuparam a sede da Funasa em Boa Vista.,,
rëkëɨ,2013-07-30T10:22:57Z,2018-02-04T12:01:08Z,3b1067eb-0c02-48ca-b389-1db4ad3f85a2,rëkëɨ2_3b1067eb-0c02-48ca-b389-1db4ad3f85a2,stem,24d5b23e-a4df-468f-9f1a-970514c4559a,1,Verbo,,"envolver-se (em assunto, briga)",,,,,,1,Thëpë xëyopë ha Ararai a rëkënimi.,Ararai não se envolveu na briga.,,
rëkëkë,2013-06-11T16:18:23Z,2018-02-04T12:01:08Z,d53f5063-2bdb-4d48-aaf9-c1f5530bd722,rëkëkë_d53f5063-2bdb-4d48-aaf9-c1f5530bd722,root,a0a631c1-e2cf-4306-96e3-e1565e2caf4c,1,Verbo,,"colocar (roupas no sol, em cima da casa?)",,,"colocar (roupas no sol, em cima da casa?)",,,1,Porimoxi ha ipa kamixa yapë here rëkëkëatayuu.,Vou botar no sol minhas roupas molhadas.,,
rëkëkë,2013-06-11T16:18:23Z,2018-02-04T12:01:08Z,d53f5063-2bdb-4d48-aaf9-c1f5530bd722,rëkëkë_d53f5063-2bdb-4d48-aaf9-c1f5530bd722,root,a0a631c1-e2cf-4306-96e3-e1565e2caf4c,1,Verbo,,"colocar (roupas no sol, em cima da casa?)",,,"colocar (roupas no sol, em cima da casa?)",,,2,Porimoxi ha ipa kamixa yapë here rëkëkëaɨ pihio.,Vou botar no sol minhas roupas molhadas.,,
rëkëkëaɨ,2013-07-30T10:22:57Z,2018-02-04T12:01:08Z,e29c681a-27c8-4e5c-8cd2-bfe9b468019a,rëkëkëaɨ_e29c681a-27c8-4e5c-8cd2-bfe9b468019a,stem,16ee5223-fa8c-425a-8e19-d3c3028706fe,1,Verbo dinâmico,,"colocar (roupas no sol, em cima da casa?)",,,,,,1,Porimoxi ha ipa kamixa yapë here rëkëkëatayuu.,Vou botar no sol minhas roupas molhadas.,,
rëkëkëaɨ,2013-07-30T10:22:57Z,2018-02-04T12:01:08Z,e29c681a-27c8-4e5c-8cd2-bfe9b468019a,rëkëkëaɨ_e29c681a-27c8-4e5c-8cd2-bfe9b468019a,stem,16ee5223-fa8c-425a-8e19-d3c3028706fe,1,Verbo dinâmico,,"colocar (roupas no sol, em cima da casa?)",,,,,,2,Porimoxi ha ipa kamixa yapë here rëkëkëaɨ pihio.,Vou botar no sol minhas roupas molhadas.,,
rëkëmaɨ,2013-07-30T10:22:57Z,2018-02-04T12:01:08Z,3cd25982-633d-45bb-9cb3-6f045daee6f0,rëkëmaɨ_3cd25982-633d-45bb-9cb3-6f045daee6f0,stem,c3eb6e60-2642-437b-aa81-f33d9014aa9c,1,Verbo dinâmico,,enfiar,,,,,,1,"Pei hũkã ha oxe thë imi rëkëmamoma, hũka xãmi hoyapramuu ha.",A criança enfiou o dedo no nariz para limpá-lo.,,
rëkëpuu,2013-07-30T10:22:57Z,2018-02-04T12:01:08Z,a8ab0426-37d1-4332-a1dd-52e12c97b089,rëkëpuu_a8ab0426-37d1-4332-a1dd-52e12c97b089,stem,0c5bb74d-247c-48ea-98e9-43c7bb2a9c21,1,Verbo dinâmico,,"guardar no chão (banana, lenhas...)",,,,,,1,Petaniya anɨ paixima kɨkɨ rëkëpu.,,,
rëkëpuu,2013-07-30T10:22:57Z,2018-02-04T12:01:08Z,a8ab0426-37d1-4332-a1dd-52e12c97b089,rëkëpuu_a8ab0426-37d1-4332-a1dd-52e12c97b089,stem,0c5bb74d-247c-48ea-98e9-43c7bb2a9c21,1,Verbo dinâmico,,"guardar no chão (banana, lenhas...)",,,,,,2,,,,
rëkëpuu,2013-07-30T10:22:57Z,2018-02-04T12:01:08Z,a8ab0426-37d1-4332-a1dd-52e12c97b089,rëkëpuu_a8ab0426-37d1-4332-a1dd-52e12c97b089,stem,0c5bb74d-247c-48ea-98e9-43c7bb2a9c21,1,Verbo dinâmico,,"guardar no chão (banana, lenhas...)",,,,,,3,,,,
riã kẽteri,2014-10-03T09:32:14Z,2018-02-04T12:01:08Z,8fc1cf8a-3dae-4142-8a30-42d02f131d8a,riã kẽteri_8fc1cf8a-3dae-4142-8a30-42d02f131d8a,discontiguous phrase,350e0671-6ede-4c47-873c-e0f04f47fc8e,1,Verbo adjetivo,,cheiro doce,sweet smell,,,,,,,,,
roa tëtëkëki,2013-07-30T10:22:59Z,2018-02-04T12:01:08Z,6a818957-054e-4f26-aed1-4a0acd4c4522,roa tëtëkëki_6a818957-054e-4f26-aed1-4a0acd4c4522,discontiguous phrase,7aec85ba-4ef3-40cb-9ba0-5813c66c61e9,1,Verbo,,agachar-se,,,,,,1,"A wãximi yaro, a wãxĩmi horoopë ha a roa tëtëkëkema.","Cansado, agachou-se para descansar.",,
roa tëtëkëki,2013-07-30T10:22:59Z,2018-02-04T12:01:08Z,6a818957-054e-4f26-aed1-4a0acd4c4522,roa tëtëkëki_6a818957-054e-4f26-aed1-4a0acd4c4522,discontiguous phrase,7aec85ba-4ef3-40cb-9ba0-5813c66c61e9,1,Verbo,,agachar-se,,,,,,2,"Uhuru eha ariã haɨ yaro, a roa tëtëkëkema.",Agachou-se para falar com a criança.,,
rukë,2013-06-11T16:18:23Z,2018-02-04T12:01:08Z,8c5507d9-c4d3-47f2-b491-675f41ba3440,rukë2_8c5507d9-c4d3-47f2-b491-675f41ba3440,root,762fcb75-539e-4d56-baf4-b94a15a8a667,1,Verbo,,entrar,enter,,entrar,,,1,Pixata thaka ha opo a rukërayoma.,O tatu entrou no buraco.,,
rukë,2013-06-11T16:18:23Z,2018-02-04T12:01:08Z,8c5507d9-c4d3-47f2-b491-675f41ba3440,rukë2_8c5507d9-c4d3-47f2-b491-675f41ba3440,root,762fcb75-539e-4d56-baf4-b94a15a8a667,1,Verbo,,entrar,enter,,entrar,,,2,"Apiama aha ya rukëo tëhë, naa ãrĩ ɨ̃kɨ̃ kukema.","Quando entrei no avião, minha mãe começou a chorar.",,
rukë,2013-06-11T16:18:23Z,2018-02-04T12:01:08Z,8c5507d9-c4d3-47f2-b491-675f41ba3440,rukë2_8c5507d9-c4d3-47f2-b491-675f41ba3440,root,762fcb75-539e-4d56-baf4-b94a15a8a667,1,Verbo,,entrar,enter,,entrar,,,3,Yano a parɨkɨ hamɨ oxe thëpë rukërayoma.,As crianças entraram na casa.,,
rukë,2013-06-11T16:18:23Z,2018-02-04T12:01:08Z,8c5507d9-c4d3-47f2-b491-675f41ba3440,rukë2_8c5507d9-c4d3-47f2-b491-675f41ba3440,root,762fcb75-539e-4d56-baf4-b94a15a8a667,1,Verbo,,entrar,enter,,entrar,,,4,"Moka ya a tëa hãthõrii ta, Kakarina pihi kuu yaro, proro pëha a rukërayoma makii, a mɨramaremahe.","Kakarina se meteu com os garimpeiros, ele pensou que assim iria ganhar uma espingarda mas foi enganado.",,
rukë,2013-06-11T16:18:23Z,2018-02-04T12:01:08Z,8c5507d9-c4d3-47f2-b491-675f41ba3440,rukë2_8c5507d9-c4d3-47f2-b491-675f41ba3440,root,762fcb75-539e-4d56-baf4-b94a15a8a667,1,Verbo,,entrar,enter,,entrar,,,5,"Yei thëkɨi pei yamakɨ ũuxĩ hamɨ thëpë rukëɨ tëhë, xawara pë wai raromaɨ taɨhe.",Alguns microorganismos causam doença quando se introduzem no nosso corpo.,,
rukë,2013-06-11T16:18:23Z,2018-02-04T12:01:08Z,96802807-010c-405c-85d8-579177bf2815,rukë1_96802807-010c-405c-85d8-579177bf2815,root,9ed285ef-4dd4-4bc4-ae9d-0cd1f37fd4b4,1,Verbo posicional,,estar sobre fio ou galho; estender (varal); pôr no varal,,,estar sobre fio ou galho; estender (varal); pôr no varal,,,1,Paxo a waximi rukëa.,,,
rukë,2013-06-11T16:18:23Z,2018-02-04T12:01:08Z,96802807-010c-405c-85d8-579177bf2815,rukë1_96802807-010c-405c-85d8-579177bf2815,root,9ed285ef-4dd4-4bc4-ae9d-0cd1f37fd4b4,1,Verbo posicional,,estar sobre fio ou galho; estender (varal); pôr no varal,,,estar sobre fio ou galho; estender (varal); pôr no varal,,,2,Iro a waximi rukëa haraya.,,,
rukë,2013-06-11T16:18:23Z,2018-02-04T12:01:08Z,96802807-010c-405c-85d8-579177bf2815,rukë1_96802807-010c-405c-85d8-579177bf2815,root,9ed285ef-4dd4-4bc4-ae9d-0cd1f37fd4b4,1,Verbo posicional,,estar sobre fio ou galho; estender (varal); pôr no varal,,,estar sobre fio ou galho; estender (varal); pôr no varal,,,3,Kunatoi anɨ thoo thoxi ha rãkãma thuku rukëkema thuku wehemaɨ ha.,Kunatoi estendeu a rede no varal para secar.,,
rukëaɨ,2013-07-30T10:23:00Z,2018-02-04T12:01:08Z,236c02ba-e990-4251-9e44-73b3b61e7867,rukëaɨ_236c02ba-e990-4251-9e44-73b3b61e7867,stem,a57d8820-a7c6-428f-8d82-3bd35c0ad0ef,1,Verbo dinâmico,,estender (varal); pôr no varal,,,,,,1,Kunatoi anɨ thoo thoxi ha rãkãma thuku rukëkema thuku wehemaɨ ha.,Kunatoi estendeu a rede no varal para secar.,,
rukëamaɨ,2013-07-30T10:23:00Z,2018-02-04T12:01:08Z,e1ac4eed-0993-4860-a8cc-1bf550a6666f,rukëamaɨ_e1ac4eed-0993-4860-a8cc-1bf550a6666f,stem,eda3df88-470c-4cab-8fe7-ce5a9f76dddf,1,Verbo dinâmico,,marcar gol (lit: 'fazer entrar [no gol]),,,,,,1,Hiya anɨ porakapi thë rukëamakema ĩrĩamotima thënɨ ha.,O rapaz marcou dois gols durante o jogo.,,
rukëɨ,2013-07-30T10:23:00Z,2018-02-04T12:01:08Z,1ca1fce9-a2d9-47fb-8f0a-b4a64092e39a,rukëɨ1_1ca1fce9-a2d9-47fb-8f0a-b4a64092e39a,stem,0c190f6c-3aff-45a6-8c1e-9e2ab70032b0,1,Verbo,,entrar,enter,,,,,1,Pixata thaka ha opo a rukërayoma.,O tatu entrou no buraco.,,
rukëɨ,2013-07-30T10:23:00Z,2018-02-04T12:01:08Z,1ca1fce9-a2d9-47fb-8f0a-b4a64092e39a,rukëɨ1_1ca1fce9-a2d9-47fb-8f0a-b4a64092e39a,stem,0c190f6c-3aff-45a6-8c1e-9e2ab70032b0,1,Verbo,,entrar,enter,,,,,2,"Apiama aha ya rukëo tëhë, naa ãrĩ ɨ̃kɨ̃ kukema.","Quando entrei no avião, minha mãe começou a chorar.",,
rukëɨ,2013-07-30T10:23:00Z,2018-02-04T12:01:08Z,1ca1fce9-a2d9-47fb-8f0a-b4a64092e39a,rukëɨ1_1ca1fce9-a2d9-47fb-8f0a-b4a64092e39a,stem,0c190f6c-3aff-45a6-8c1e-9e2ab70032b0,1,Verbo,,entrar,enter,,,,,3,Yano a parɨkɨ hamɨ oxe thëpë rukërayoma.,As crianças entraram na casa.,,
rukëɨ,2013-07-30T10:23:00Z,2018-02-04T12:01:08Z,9b53bc43-8ba3-40a0-8941-afef6577538f,rukëɨ2_9b53bc43-8ba3-40a0-8941-afef6577538f,stem,86fd33ab-7c81-431f-9507-9764752369cb,1,Verbo,,iniciar a fazer ou participar,,,,,,1,"Hɨ̃rɨ̃matima thëpë ha hẽreãmorɨnɨ, Hutukara aha thëpë rukëa xoakema.","Depois da reunião, os AIS decidiram entrar na Hutukara.",,
rukëɨ,2013-07-30T10:23:00Z,2018-02-04T12:01:08Z,2feaaa00-0313-42b1-aeaa-bcfd816aba39,rukëɨ3_2feaaa00-0313-42b1-aeaa-bcfd816aba39,stem,98eedb3d-f1ff-43ac-a711-cd50e1a1dca7,1,Verbo,,meter-se; introduzir-se,,,,,,1,"Moka ya a tëa hãthõrii ta, Kakarina pihi kuu yaro, proro pëha a rukërayoma makii, a mɨramaremahe.","Kakarina se meteu com os garimpeiros, ele pensou que assim iria ganhar uma espingarda mas foi enganado.",,
rukëɨ,2013-07-30T10:23:00Z,2018-02-04T12:01:08Z,2feaaa00-0313-42b1-aeaa-bcfd816aba39,rukëɨ3_2feaaa00-0313-42b1-aeaa-bcfd816aba39,stem,98eedb3d-f1ff-43ac-a711-cd50e1a1dca7,1,Verbo,,meter-se; introduzir-se,,,,,,2,"Yei thëkɨi pei yamakɨ ũuxĩ hamɨ thëpë rukëɨ tëhë, xawara pë wai raromaɨ taɨhe.",Alguns microorganismos causam doença quando se introduzem no nosso corpo.,,
rukëɨ,2013-07-30T10:23:00Z,2018-02-04T12:01:08Z,a3bc504c-3809-4c12-b096-f160c0dec493,rukëɨ4_a3bc504c-3809-4c12-b096-f160c0dec493,stem,3dd8095c-0643-4c8f-b1ca-cfa40d78de76,1,Verbo,,entrar; invadir,,,,,,1,Yanomama thëpë urihipë ha proro pë rukëɨ xi wãrĩpruu.,Os garimpeiros sempre invadem a T.I.Y.,,
rukëɨ,2013-07-30T10:23:00Z,2018-02-04T12:01:08Z,a3bc504c-3809-4c12-b096-f160c0dec493,rukëɨ4_a3bc504c-3809-4c12-b096-f160c0dec493,stem,3dd8095c-0643-4c8f-b1ca-cfa40d78de76,1,Verbo,,entrar; invadir,,,,,,2,Yawari pë urihipë hamɨ poi ohi thatima pë rukëɨ he yati xoa.,Os fazendeiros continuam a invadir a região do Ajarani.,,
tëkë,2013-06-11T16:18:24Z,2018-02-04T12:01:08Z,3ae5c460-6621-434c-a412-28898aa0fc15,tëkë2_3ae5c460-6621-434c-a412-28898aa0fc15,root,0f8b2317-1b7b-45c0-9aec-cc161c9caad6,1,Verbo posicional,,sentar,to sit,sentar,sentar (banco),sit (chair),sentar (silla),1,Napë a tëkëa.,,,
tëkë,2013-06-11T16:18:24Z,2018-02-04T12:01:08Z,3ae5c460-6621-434c-a412-28898aa0fc15,tëkë2_3ae5c460-6621-434c-a412-28898aa0fc15,root,0f8b2317-1b7b-45c0-9aec-cc161c9caad6,1,Verbo posicional,,sentar,to sit,sentar,sentar (banco),sit (chair),sentar (silla),2,Hiya thë tëkëa.,O garoto está sentado.,,
tëkë,2013-06-11T16:18:24Z,2018-02-04T12:01:08Z,3ae5c460-6621-434c-a412-28898aa0fc15,tëkë2_3ae5c460-6621-434c-a412-28898aa0fc15,root,0c9b090b-e9d8-439a-aca9-8f84ad021195,2,Verbo,,"emendar (cordas, flechas, uma na outra)",,,"emendar (cordas, flechas, uma na outra)",,,1,"Apika anɨ porakapi thokona kɨpë tëkëakema, rãkãma thuku yãapë ha.",A Apika emendou duas cordas para atar sua rede.,,
tëkë,2013-06-11T16:18:24Z,2018-02-04T12:01:08Z,3ae5c460-6621-434c-a412-28898aa0fc15,tëkë2_3ae5c460-6621-434c-a412-28898aa0fc15,root,0c9b090b-e9d8-439a-aca9-8f84ad021195,2,Verbo,,"emendar (cordas, flechas, uma na outra)",,,"emendar (cordas, flechas, uma na outra)",,,2,"Apika anɨ porakapi thokona kɨpë tëkëakema, rãkãma thuku yãmaɨ ha.",A Apika emendou duas cordas para atar sua rede.,,
tëkë,2013-06-11T16:18:24Z,2018-02-04T12:01:08Z,3ae5c460-6621-434c-a412-28898aa0fc15,tëkë2_3ae5c460-6621-434c-a412-28898aa0fc15,root,0c9b090b-e9d8-439a-aca9-8f84ad021195,2,Verbo,,"emendar (cordas, flechas, uma na outra)",,,"emendar (cordas, flechas, uma na outra)",,,3,Urihi ha paari anɨ kariuna xaraka e kërarema yaro a tëkëmaɨ.,A Apika emendou duas cordas para atar sua rede.,,
tëkë,2013-06-11T16:18:24Z,2018-02-04T12:01:08Z,3ae5c460-6621-434c-a412-28898aa0fc15,tëkë2_3ae5c460-6621-434c-a412-28898aa0fc15,root,0c9b090b-e9d8-439a-aca9-8f84ad021195,2,Verbo,,"emendar (cordas, flechas, uma na outra)",,,"emendar (cordas, flechas, uma na outra)",,,4,Xarakapë kuaimi yaro yanomama thëpë kominɨ xarakapë tëkëmãɨhe.,A Apika emendou duas cordas para atar sua rede.,,
tëkë,2013-06-11T16:18:24Z,2018-02-04T12:01:08Z,3ae5c460-6621-434c-a412-28898aa0fc15,tëkë2_3ae5c460-6621-434c-a412-28898aa0fc15,root,0c9b090b-e9d8-439a-aca9-8f84ad021195,2,Verbo,,"emendar (cordas, flechas, uma na outra)",,,"emendar (cordas, flechas, uma na outra)",,,5,Hiya thënɨ xaraka a tëkëmaɨ.,A Apika emendou duas cordas para atar sua rede.,,
tëkëa,2013-07-30T10:23:10Z,2018-02-04T12:01:08Z,5f472ed6-d092-4280-8e38-7da9d56be457,tëkëa_5f472ed6-d092-4280-8e38-7da9d56be457,stem,861b0395-2551-4961-9a45-4add5969777f,1,Verbo posicional,,estar sentado,,,,,,1,Napë a tëkëa.,,,
tëkëa,2013-07-30T10:23:10Z,2018-02-04T12:01:08Z,5f472ed6-d092-4280-8e38-7da9d56be457,tëkëa_5f472ed6-d092-4280-8e38-7da9d56be457,stem,861b0395-2551-4961-9a45-4add5969777f,1,Verbo posicional,,estar sentado,,,,,,2,Hiya thë tëkëa.,O garoto está sentado.,,
tëkëaɨ,2013-07-30T10:23:10Z,2018-02-04T12:01:08Z,93554c15-4553-4dff-911d-33a53331acdc,tëkëaɨ_93554c15-4553-4dff-911d-33a53331acdc,stem,82353ebf-c286-4dd2-a466-a53ba281f6b0,1,Verbo dinâmico,,"emendar (cordas, uma na outra)",,,,,,1,"Apika anɨ porakapi thokona kɨpë tëkëakema, rãkãma thuku yãapë ha.",A Apika emendou duas cordas para atar sua rede.,,
tëkëaɨ,2013-07-30T10:23:10Z,2018-02-04T12:01:08Z,93554c15-4553-4dff-911d-33a53331acdc,tëkëaɨ_93554c15-4553-4dff-911d-33a53331acdc,stem,82353ebf-c286-4dd2-a466-a53ba281f6b0,1,Verbo dinâmico,,"emendar (cordas, uma na outra)",,,,,,2,"Apika anɨ porakapi thokona kɨpë tëkëakema, rãkãma thuku yãmaɨ ha.",A Apika emendou duas cordas para atar sua rede.,,
tëkëkë,2013-06-11T16:18:24Z,2018-02-04T12:01:08Z,1e8c44ce-54eb-427e-81cf-fcced179dfc6,tëkëkë_1e8c44ce-54eb-427e-81cf-fcced179dfc6,stem,1557b177-6537-4658-ac59-23ccd470d91e,1,Verbo posicional,,estar sentado (muitos?),,,estar sentado (muitos?),,,1,Apuru uhiha irokɨkɨ tëkëkëa.,,,
tëkëkë,2013-06-11T16:18:24Z,2018-02-04T12:01:08Z,1e8c44ce-54eb-427e-81cf-fcced179dfc6,tëkëkë_1e8c44ce-54eb-427e-81cf-fcced179dfc6,stem,1557b177-6537-4658-ac59-23ccd470d91e,1,Verbo posicional,,estar sentado (muitos?),,,estar sentado (muitos?),,,2,Wãrõ a roa tëtëkëa.,O homem está sentado.,,
tëkëkëa,2013-07-30T10:23:10Z,2018-02-04T12:01:08Z,7ab73ee6-64a8-460d-b541-91cce62a0410,tëkëkëa_7ab73ee6-64a8-460d-b541-91cce62a0410,stem,c3c10770-5f88-4492-aff2-02b3ddf2d175,1,Verbo posicional,,estar sentado,,,,,,1,Apuru uhiha irokɨkɨ tëkëkëa.,,,
tëkëkëa,2013-07-30T10:23:10Z,2018-02-04T12:01:08Z,7ab73ee6-64a8-460d-b541-91cce62a0410,tëkëkëa_7ab73ee6-64a8-460d-b541-91cce62a0410,stem,c3c10770-5f88-4492-aff2-02b3ddf2d175,1,Verbo posicional,,estar sentado,,,,,,2,Wãrõ a roa tëtëkëa.,O homem está sentado.,,
tëkëkëo,2013-07-30T10:23:10Z,2018-02-04T12:01:08Z,7b663662-d2c3-4597-8bc3-f99290ccae77,tëkëkëo_7b663662-d2c3-4597-8bc3-f99290ccae77,stem,439805f5-98fc-4efd-8f94-fe73396aa1a1,1,Verbo,,sentar-se (muitos?),,,,,,1,Huu tihikɨ rasi ha tũrũmatima thëpë tëkëkëkema.,Os alunos se sentaram no banco.,,
tëkëkëo,2013-07-30T10:23:10Z,2018-02-04T12:01:08Z,7b663662-d2c3-4597-8bc3-f99290ccae77,tëkëkëo_7b663662-d2c3-4597-8bc3-f99290ccae77,stem,439805f5-98fc-4efd-8f94-fe73396aa1a1,1,Verbo,,sentar-se (muitos?),,,,,,2,Huu tihikɨ rasi ha tũrũmatima thëpë tëkëkëa.,Os alunos estão sentados no banco.,,
tëkëmaɨ,2013-07-30T10:23:10Z,2018-02-04T12:01:08Z,fa24cb22-3215-4912-a17f-d97b40727636,tëkëmaɨ1_fa24cb22-3215-4912-a17f-d97b40727636,stem,05656493-bbdb-46f4-a706-43ff0f87b1a0,1,Verbo dinâmico,,"juntar; emendar (flechas, uma na outra)",,,,,,1,Urihi ha paari anɨ kariuna xaraka e kërarema yaro a tëkëmaɨ.,,,
tëkëmaɨ,2013-07-30T10:23:10Z,2018-02-04T12:01:08Z,fa24cb22-3215-4912-a17f-d97b40727636,tëkëmaɨ1_fa24cb22-3215-4912-a17f-d97b40727636,stem,05656493-bbdb-46f4-a706-43ff0f87b1a0,1,Verbo dinâmico,,"juntar; emendar (flechas, uma na outra)",,,,,,2,Xarakapë kuaimi yaro yanomama thëpë kominɨ xarakapë tëkëmãɨhe.,,,
tëkëmaɨ,2013-07-30T10:23:10Z,2018-02-04T12:01:08Z,fa24cb22-3215-4912-a17f-d97b40727636,tëkëmaɨ1_fa24cb22-3215-4912-a17f-d97b40727636,stem,05656493-bbdb-46f4-a706-43ff0f87b1a0,1,Verbo dinâmico,,"juntar; emendar (flechas, uma na outra)",,,,,,3,Hiya thënɨ xaraka a tëkëmaɨ.,,,
tëkëmaɨ,2013-07-30T10:23:11Z,2018-02-04T12:01:08Z,b1ab2fd6-132a-4d2d-a97f-c441d18556d4,tëkëmaɨ2_b1ab2fd6-132a-4d2d-a97f-c441d18556d4,stem,9f1c747d-4b90-4183-958b-d0648ad35229,1,Verbo dinâmico,,sentar,,,,,,1,Hɨ̃rɨ̃matima anɨ huu tihi rasi ha oxe thë tëkëmakema thë wĩxiã uukamaɨ ha.,O AIS sentou a criança no banco do ambulatório para fazer nebulização.,,
tëkëo,2013-07-30T10:23:11Z,2018-02-04T12:01:08Z,b398920e-ff9b-4fcb-93fd-142fe6601fd3,tëkëo_b398920e-ff9b-4fcb-93fd-142fe6601fd3,stem,eec6d899-d177-4d49-8ea5-606dbec08bb2,1,Verbo,,sentar-se (no banco),,,,,,1,Huu tihi ha hiya a tëkëkema a iyaɨ ha.,O rapaz se sentou no tronco para comer.,,
tëkëo,2013-07-30T10:23:11Z,2018-02-04T12:01:08Z,b398920e-ff9b-4fcb-93fd-142fe6601fd3,tëkëo_b398920e-ff9b-4fcb-93fd-142fe6601fd3,stem,39ee653b-b22f-41a4-841e-976aa0abd25a,2,Verbo,,sentar-se,,,,,,1,Huu tihi poko ha kami ya tëkëkema.,Eu me sentei no galho da árvore.,,
tëkëotima thë,2013-07-28T19:34:18Z,2018-02-04T12:01:08Z,ac29c532-d0a2-4ddf-adca-feab2abc6117,tëkëotima thë_ac29c532-d0a2-4ddf-adca-feab2abc6117,discontiguous phrase,1915081b-ac16-4627-aebe-10caab43a0e2,1,Substantivo com classificador,,cadeira,,,,,,,,,,
tëkëotima tihi,2013-07-28T19:34:19Z,2018-02-04T12:01:08Z,8cd732e7-4cc2-4328-9a3a-e60e0d78c345,tëkëotima tihi_8cd732e7-4cc2-4328-9a3a-e60e0d78c345,discontiguous phrase,f07c2acd-4237-424c-8afe-c3a525813c5a,1,Substantivo com classificador,,"banco, silla",,"banco, silla",,,,,,,,
tëkëotima tihikɨ,2013-07-28T19:34:19Z,2018-02-04T12:01:08Z,8bc98b7e-3f32-403e-bac5-1e45468ff890,tëkëotima tihikɨ_8bc98b7e-3f32-403e-bac5-1e45468ff890,discontiguous phrase,c607958c-2fec-449e-afab-c8989a342649,1,Substantivo do Tipo 1,,cadeiras,,,,,,,,,,
tẽkẽtẽkema,2013-07-28T19:33:51Z,2018-02-04T12:01:08Z,9a348434-6100-4d2c-ad2a-08397178df03,tẽkẽtẽkema_9a348434-6100-4d2c-ad2a-08397178df03,stem,e6756118-d209-4e93-896c-2272ff6da242,1,Substantivo do Tipo 1,Pitangus  sulphuratus,Bem-te-vi,Great Kiskadee,Bienteveo Común,,,,1,ouvir canto,,,
tẽkẽtẽkema,2013-07-28T19:33:51Z,2018-02-04T12:01:08Z,9a348434-6100-4d2c-ad2a-08397178df03,tẽkẽtẽkema_9a348434-6100-4d2c-ad2a-08397178df03,stem,bbbfac62-62f6-4ce0-8568-b7f219e9d7fa,2,Substantivo do Tipo 1,Myiozetetes  luteiventris,Bem-te-vi-barulhento,Dusky-chested Flycatcher,Bienteveo Pechioscuro,,,,1,ouvir canto,,,
tẽkẽtẽkema,2013-07-28T19:33:51Z,2018-02-04T12:01:08Z,9a348434-6100-4d2c-ad2a-08397178df03,tẽkẽtẽkema_9a348434-6100-4d2c-ad2a-08397178df03,stem,55317cd9-7f0a-48a7-8c25-2f5c89349052,3,Substantivo do Tipo 1,Myiozetetes  similis,Bentevizinho-de-penacho-vermelho; Bem-te-vizinho,Social Flycatcher,Bienteveo Sociable,,,,,,,,
tẽkẽtẽkema,2013-07-28T19:33:51Z,2018-02-04T12:01:08Z,9a348434-6100-4d2c-ad2a-08397178df03,tẽkẽtẽkema_9a348434-6100-4d2c-ad2a-08397178df03,stem,dd107741-658f-4a82-b8cb-2a20c676b7b7,4,Substantivo do Tipo 1,Philohydor  lictor,Bentevizinho-do-brejo,Lesser Kiskadee,Bienteveo Chico,,,,,,,,
tërëkë,2013-06-11T16:18:24Z,2019-04-15T13:04:51Z,11d0cb8a-4226-49e3-996e-6963689f4735,tërëkë_11d0cb8a-4226-49e3-996e-6963689f4735,root,1f544235-3852-4383-8326-30d91cb1b721,1,Verbo,,abaixar-se,to bend foward,,abaixar-se,,,1,"Poripona anɨ mareã xi toaɨ ha, a tërëkëtarioma.",A Poripona se abaixou para pegar a panela.,,
tërëkëi,2013-07-30T10:23:11Z,2018-02-04T12:01:08Z,4bde2e8b-9a54-487e-8456-e59ffc49fd1f,tërëkëi_4bde2e8b-9a54-487e-8456-e59ffc49fd1f,stem,b64fbdbd-4949-4027-a285-8913fe24163b,1,Verbo,,abaixar-se,,,,,,1,"Poripona anɨ mareã xi toaɨ ha, a tërëkëtarioma.",A Poripona se abaixou para pegar a panela.,,
tëtëkë,2013-06-11T16:18:24Z,2018-02-04T12:01:08Z,262d739f-3b09-4368-b89a-b05f6fbd3c62,tëtëkë_262d739f-3b09-4368-b89a-b05f6fbd3c62,root,e0f54905-05d6-4b2c-a98b-3c9aa1a40d2f,1,Verbo,,agachar-se,,,agachar-se,,,1,"A wãximi yaro, a wãxĩmi horoopë ha a roa tëtëkëkema.","Cansado, agachou-se para descansar.",,
tëtëkë,2013-06-11T16:18:24Z,2018-02-04T12:01:08Z,262d739f-3b09-4368-b89a-b05f6fbd3c62,tëtëkë_262d739f-3b09-4368-b89a-b05f6fbd3c62,root,e0f54905-05d6-4b2c-a98b-3c9aa1a40d2f,1,Verbo,,agachar-se,,,agachar-se,,,2,"Uhuru eha ariã haɨ yaro, a roa tëtëkëkema.",Agachou-se para falar com a criança.,,
thãa rukëɨ,2013-07-30T10:23:12Z,2018-02-04T12:01:08Z,f803528c-f306-4322-8c05-46ca8312eba7,thãa rukëɨ_f803528c-f306-4322-8c05-46ca8312eba7,discontiguous phrase,844c6712-5cc3-4f90-a46a-d7a78a3f64d5,1,Verbo,,acolher (idéias),,,,,,1,"Thëpëã hõxĩmi himaɨ wehi Matorai anɨ thãa rukëa totihipramanimi yaro, hẽreã aha a wãya kãyõ kopohuruma.",Matorai acolheu mal as críticas e saiu bravo da reunião.,,
thãa rukëɨ,2013-07-30T10:23:12Z,2018-02-04T12:01:08Z,f803528c-f306-4322-8c05-46ca8312eba7,thãa rukëɨ_f803528c-f306-4322-8c05-46ca8312eba7,discontiguous phrase,844c6712-5cc3-4f90-a46a-d7a78a3f64d5,1,Verbo,,acolher (idéias),,,,,,2,"Thëpëã hõxĩmi himaɨ wehi Matorai anɨ thãa rukëa totihipramanimi yaro, hẽreã aha a wãya kãyõ xoapraruhuruma.",Matorai acolheu mal as críticas e saiu bravo da reunião.,,
thããhã haimaɨ yakëhuu pëtuu,2013-07-30T10:23:13Z,2018-02-04T12:01:08Z,b914db4f-2db3-4871-86a1-3c174dafe3d6,thããhã haimaɨ yakëhuu pëtuu_b914db4f-2db3-4871-86a1-3c174dafe3d6,discontiguous phrase,4612dc78-0214-4aa3-a58a-2c32627de4fb,1,Verbo dinâmico,,adivinhar (give a guess),,,,,,1,"- Pei ya imikɨ ha uti ya thë thapuu kura! – Ya thë yai taimi. - Ai wa thããhã haia yakëa pëtarii! - Ya thë taimi, uhea pë hãthõo...","- Adivinhe o que eu tenho na minha mão!- Não sei mesmo.- Tente, chute alguma coisa!- Não sei, anzóis talvez...",,
thothoma pëkëkëma,2013-07-28T19:35:09Z,2018-02-04T12:01:08Z,a586b841-0207-4649-8d9f-5acb041e95a4,thothoma pëkëkëma_a586b841-0207-4649-8d9f-5acb041e95a4,discontiguous phrase,544cd43d-6d6b-4005-82d9-55979b698005,1,Substantivo do Tipo 1,Cercomacra  tyrannina,Chororó-escuro,Dusky Antbird,Hormiguero Negruzco,,,,1,ouvir canto,,,
tɨhɨ si ẽkẽkema,2013-07-28T19:36:47Z,2018-02-04T12:01:08Z,24fbe3d0-7169-47fb-8eca-af7141ae7b98,tɨhɨ si ẽkẽkema_24fbe3d0-7169-47fb-8eca-af7141ae7b98,discontiguous phrase,f1b9ec07-da89-4c00-87ef-adb704eefe8b,1,Substantivo do Tipo 1,Hypocnemis  cantator,Papa-formiga-cantador; cantador comum,Warbling Antbird,Hormiguero Cantarín,,,,1,ouvir canto,,,
tɨhɨ wakërima,2013-07-28T19:36:51Z,2018-02-04T14:32:24Z,3b78bd17-bc45-4e51-99f9-af3a5ea8177c,tɨhɨ wakërima2_3b78bd17-bc45-4e51-99f9-af3a5ea8177c,discontiguous phrase,af7c473a-6ec1-4e0d-9ffc-ff0f3b00ebe0,1,Substantivo do Tipo 1,Puma  concolor,suçuarana; onça-vermelha; onça-parda; puma,cougar; puma; mountain lion; mountain cat; catamount; panther,puma; león de montaña; león americano; león bayo,,,,,,,,
tɨhɨ wakërima,2013-07-28T19:36:51Z,2018-02-04T14:32:24Z,3b78bd17-bc45-4e51-99f9-af3a5ea8177c,tɨhɨ wakërima2_3b78bd17-bc45-4e51-99f9-af3a5ea8177c,discontiguous phrase,a8a2eb96-7ccc-4682-8e14-92d6dd8644ac,2,,,,,,,,,,,,,
totihi taaɨ piyëkëkuu,2013-07-30T10:23:23Z,2018-02-04T12:01:08Z,9873337e-5faa-40ff-b57b-d6d5171b0b62,totihi taaɨ piyëkëkuu_9873337e-5faa-40ff-b57b-d6d5171b0b62,discontiguous phrase,2dc84b81-6b56-4cfd-a174-d415c9f13e6e,1,Verbo dinâmico,,examinar,,,,,,1,"Wãrãpata thënɨ pore mamakasi totihi taa ha piyëkëakɨnɨ, napë aha mamakasi koã yapaa kõmakema, mamakasi raakooma yaro.","O velho examinou a lanterna e a devolveu para o branco, porque ela estava amassada.",,
urihi a wakë ë̃rãmaɨ wehi thë,2013-07-28T19:38:47Z,2018-02-04T12:01:08Z,5b9c17ec-7996-41e4-af16-5b009cccf4a1,urihi a wakë ë̃rãmaɨ wehi thë_5b9c17ec-7996-41e4-af16-5b009cccf4a1,discontiguous phrase,1aba88d0-ef31-46be-b64e-bf9a341b191d,1,Substantivo com classificador,,incêndio florestal,,,,,,,,,,
wai rëkëɨ,2013-07-30T10:23:33Z,2018-02-04T12:01:08Z,ff606b16-2bb8-492b-bc27-6e22ecc321e0,wai rëkëɨ_ff606b16-2bb8-492b-bc27-6e22ecc321e0,discontiguous phrase,550e48c7-aa27-4eff-9132-e0ed7cc5d33d,1,Verbo,,ocupar; invadir,,,,,,1,Hunasa yano ha yanomama thëpë wai rëkërayoma Poopixitha ha.,Os yanomami ocuparam a sede da Funasa em Boa Vista.,,
wakë,2013-06-11T16:18:25Z,2018-02-04T12:01:08Z,d532c698-3ffb-4b37-8e66-4c8ac0cc5614,wakë_d532c698-3ffb-4b37-8e66-4c8ac0cc5614,root,508d1853-8d80-49e5-b213-b25db5be4383,1,Verbo adjetivo,,vermelho,red,rojo,vermelho,,,1,Weyaa hurupë hutu mosi wakëmamoma.,O céu se avermelhou no fim da tarde.,,
wakë,2013-06-11T16:18:25Z,2018-02-04T12:01:08Z,d532c698-3ffb-4b37-8e66-4c8ac0cc5614,wakë_d532c698-3ffb-4b37-8e66-4c8ac0cc5614,root,508d1853-8d80-49e5-b213-b25db5be4383,1,Verbo adjetivo,,vermelho,red,rojo,vermelho,,,2,,O céu se avermelhou no fim da tarde.,,
wakë,2013-06-11T16:18:25Z,2018-02-04T12:01:08Z,d532c698-3ffb-4b37-8e66-4c8ac0cc5614,wakë_d532c698-3ffb-4b37-8e66-4c8ac0cc5614,root,508d1853-8d80-49e5-b213-b25db5be4383,1,Verbo adjetivo,,vermelho,red,rojo,vermelho,,,3,Hutu mosi weyate wakë.,O céu se avermelhou no fim da tarde.,,
wakë,2013-06-11T16:18:25Z,2018-02-04T12:01:08Z,d532c698-3ffb-4b37-8e66-4c8ac0cc5614,wakë_d532c698-3ffb-4b37-8e66-4c8ac0cc5614,root,0b414f72-d231-4362-946a-b8cf49caca95,2,Verbo adjetivo,,maduro,ripe,maduro,,,,,,,,
wakë,2013-06-14T13:46:24Z,2018-02-04T12:01:08Z,727a527d-4d0a-4cf4-8553-06b5ef57b8f3,wakë2_727a527d-4d0a-4cf4-8553-06b5ef57b8f3,stem,b6f190b0-aa89-45b3-b833-0c248a27cf72,1,Substantivo do Tipo 1,,fogo,fire,fuego,,,,,,,,
wakë a thaɨ,2013-07-30T10:23:34Z,2018-02-04T12:01:08Z,31de84bc-452c-4d3c-8296-b0de03b43aa2,wakë a thaɨ_31de84bc-452c-4d3c-8296-b0de03b43aa2,discontiguous phrase,114d5577-5fc6-4229-ac43-b7f04d168609,1,Verbo dinâmico,,acender (fogueira); fazer fogo,,,,,,1,Huu tihikɨ hereopë ha wakë a thaɨ wei thënëhë mohõti.,É difícil acender a madeira molhada.,,
wakë a thaɨ,2013-07-30T10:23:34Z,2018-02-04T12:01:08Z,31de84bc-452c-4d3c-8296-b0de03b43aa2,wakë a thaɨ_31de84bc-452c-4d3c-8296-b0de03b43aa2,discontiguous phrase,114d5577-5fc6-4229-ac43-b7f04d168609,1,Verbo dinâmico,,acender (fogueira); fazer fogo,,,,,,2,"Wakë a ha thakɨnɨ, yuri pë yaarema.",Acendeu a fogueira e assou os peixes.,,
wakë ëramaɨ,2013-07-30T10:23:34Z,2018-02-04T12:01:08Z,8b141b53-f764-4988-8b86-4b33b2def497,wakë ëramaɨ_8b141b53-f764-4988-8b86-4b33b2def497,discontiguous phrase,708996b0-51d2-4d24-95b4-5d63de6bef69,1,Verbo dinâmico,,colocar fogo,,,,,,1,Wamotima thëpë tuatima pënɨ urihi a wakë ërãmakemahe.,Os fazendeiros tacaram fogo na floresta.,,
wakë homopramatima thëkɨ,2013-07-28T19:41:09Z,2018-02-04T12:01:08Z,eb26f806-9b7a-4e0e-bf2d-8c16a9e0284d,wakë homopramatima thëkɨ_eb26f806-9b7a-4e0e-bf2d-8c16a9e0284d,discontiguous phrase,b5d42d0c-82d1-47ed-9135-30e1f8843138,1,Substantivo do Tipo 1,,dinamite,,,,,,,,,,
wakë ɨ̃rãamaɨ,2013-07-30T10:23:34Z,2018-02-04T12:01:08Z,ed4fdbae-9c77-4075-9bdc-330b4a6b0341,wakë ɨ̃rãamaɨ_ed4fdbae-9c77-4075-9bdc-330b4a6b0341,discontiguous phrase,40351c7d-6fc4-47ae-b68d-665aead05556,1,Verbo dinâmico,,provocar fogo,,,,,,1,Oxe thëpënɨ yano a wakë ɨ̃rãmakemahe.,As crianças provocaram fogo na casa.,,
wakë ɨ̃rãmaɨ,2013-07-30T10:23:34Z,2018-02-04T12:01:08Z,4139c233-73bf-4c22-8387-08e9d4cc60de,wakë ɨ̃rãmaɨ_4139c233-73bf-4c22-8387-08e9d4cc60de,discontiguous phrase,7d9b3fbd-0793-4cd4-9a90-29a8d5059b42,1,Verbo dinâmico,,por fogo,,,,,,1,Pakokai anɨ yano a wakë ɨ̃rãmakema.,Pakokai pôs fogo na casa.,,
wakë si,2013-07-28T19:41:11Z,2018-02-04T12:01:08Z,e424db91-a48c-4ed4-a2d7-944db3ec1909,wakë si_e424db91-a48c-4ed4-a2d7-944db3ec1909,discontiguous phrase,bfa29306-feea-4d42-8045-9442b92832b8,1,Substantivo com classificador,,fósforo,,,,,,,,,,
wakë tëkëpraɨ,2013-07-30T10:23:34Z,2018-02-04T12:01:08Z,16f5388c-6c54-40d9-a443-a9bed671bc50,wakë tëkëpraɨ1_16f5388c-6c54-40d9-a443-a9bed671bc50,discontiguous phrase,b0ed8ffa-d364-4c69-94f3-c6f6589cb2ea,1,Verbo dinâmico,,atear fogo,,,,,,1,Oxethënɨ yano a wakë tëkëprakema.,A crinça botou fogo na casa.,,
wakë tëkëpraɨ,2013-07-30T10:23:34Z,2018-02-04T12:01:08Z,b48f9b08-f9c2-4ec3-be01-32115d91ad8d,wakë tëkëpraɨ2_b48f9b08-f9c2-4ec3-be01-32115d91ad8d,discontiguous phrase,11a884ac-b42e-4cf9-a372-281bbb116655,1,Verbo dinâmico,,queimar,,,,,,1,Wãrõ anɨ urihi a wakë tëkëpraɨ.,Homem está queimando a floresta.,,
wakë thaɨ,2013-07-30T10:23:34Z,2018-02-04T12:01:08Z,5aecbc77-62e9-4a2c-822e-e9465203f16c,wakë thaɨ_5aecbc77-62e9-4a2c-822e-e9465203f16c,discontiguous phrase,358ad401-7f66-4931-b970-798ee06e4dc8,1,Verbo dinâmico,,atear fogo,,,,,,1,Oxethënɨ yano aha wakë a thakema.,A crinça ateou fogo na casa.,,
wakëhë,2013-06-11T16:18:25Z,2018-02-04T12:01:08Z,ba39e933-ae56-49e1-b630-965844920494,wakëhë_ba39e933-ae56-49e1-b630-965844920494,root,3c2a4826-68f8-41a1-8735-a9faaa53f055,1,Verbo,,avermelhado,,,avermelhado,,,1,Ya poko si wakëahëa hena tokorarioma.,Meu braço amanheceu avermelhado.,,
wakëhëaɨ,2013-07-30T10:23:34Z,2018-02-04T12:01:08Z,f7ea35ab-50e9-42a8-885b-31ed1f36db25,wakëhëaɨ_f7ea35ab-50e9-42a8-885b-31ed1f36db25,stem,0b6d7f1e-d8c7-4bf8-90d4-44fddd8c627f,1,Verbo dinâmico,,avermelhar,,,,,,1,Ya poko si wakëahëa hena tokorarioma.,Meu braço amanheceu avermelhado.,,
wakëmamu,2013-07-30T10:23:34Z,2018-02-04T12:01:08Z,a6853daa-17dc-40ec-8479-40e31c8a4079,wakëmamu_a6853daa-17dc-40ec-8479-40e31c8a4079,stem,1429487c-8c23-47dc-9dfe-446568564cb6,1,Verbo dinâmico,,pintar-se,,,,,,1,A totihi huu pihio yaro a wakëmamu.,,,
wakëmamu,2013-07-30T10:23:34Z,2018-02-04T12:01:08Z,a6853daa-17dc-40ec-8479-40e31c8a4079,wakëmamu_a6853daa-17dc-40ec-8479-40e31c8a4079,stem,1429487c-8c23-47dc-9dfe-446568564cb6,1,Verbo dinâmico,,pintar-se,,,,,,2,Haromatima yano ahateha thuwë thëpë wakëmamu.,,,
wakëmamuu,2013-07-30T10:23:34Z,2018-02-04T12:01:08Z,becf66ce-1cfd-4390-9dd9-bd94a4a99087,wakëmamuu_becf66ce-1cfd-4390-9dd9-bd94a4a99087,stem,1d4fadbb-1d78-47e8-85ce-04f80b4756da,1,Verbo dinâmico,,avermelhar-se,,,,,,1,Weyaa hurupë hutu mosi wakëmamoma.,O céu se avermelhou no fim da tarde.,,
wakëmamuu,2013-07-30T10:23:34Z,2018-02-04T12:01:08Z,becf66ce-1cfd-4390-9dd9-bd94a4a99087,wakëmamuu_becf66ce-1cfd-4390-9dd9-bd94a4a99087,stem,1d4fadbb-1d78-47e8-85ce-04f80b4756da,1,Verbo dinâmico,,avermelhar-se,,,,,,2,Weyaa hurupë harika a wakëmamoma.,O céu se avermelhou no fim da tarde.,,
wãkẽrẽma asi,2013-07-28T19:41:05Z,2018-02-04T12:01:08Z,011ed8a6-cb89-4325-b152-c2f58569e0bf,wãkẽrẽma asi_011ed8a6-cb89-4325-b152-c2f58569e0bf,discontiguous phrase,bfd481f8-8be1-4a25-8aec-68d26a3e03c2,1,Substantivo com classificador,Canna indica,planta,,planta,,,,,,,,
wãkẽrẽma asi,2013-07-28T19:41:05Z,2018-02-04T12:01:08Z,011ed8a6-cb89-4325-b152-c2f58569e0bf,wãkẽrẽma asi_011ed8a6-cb89-4325-b152-c2f58569e0bf,discontiguous phrase,4907b693-86ca-4128-91e4-161acbe67b57,2,Substantivo com classificador,Calathea mansonis,flor não comestível,,flor no comestible,,,,,,,,
wëkëk,2013-06-11T16:18:25Z,2018-02-04T12:01:08Z,463e996b-3022-45e4-8a18-f9e9073aebd5,wëkëk_463e996b-3022-45e4-8a18-f9e9073aebd5,root,693b9b22-e42f-4617-979e-bf081aac23df,1,Verbo,,balançar,,,balançar,,,1,"Watori a kohipë mahĩ yaro, huu tihikɨ wëkëkoma.",O vento forte balançou as árvores.,,
wëkëkuu,2013-07-30T10:23:39Z,2018-02-04T12:01:08Z,a1eaa810-954f-40ac-9d45-1824c03bb7bd,wëkëkuu_a1eaa810-954f-40ac-9d45-1824c03bb7bd,stem,4d75cebd-469b-4170-a983-28fda6282edf,1,Verbo dinâmico,,balançar,,,,,,1,"Watori a kohipë mahĩ yaro, huu tihikɨ wëkëkoma.",O vento forte balançou as árvores.,,
wëyëa piyëkëaɨ,2013-07-30T10:23:40Z,2018-02-04T12:01:08Z,3cd45f78-6bed-4723-b71c-7ce460680a8e,wëyëa piyëkëaɨ_3cd45f78-6bed-4723-b71c-7ce460680a8e,discontiguous phrase,a9d7c18c-0c45-4267-a4be-835c2899cc69,1,Verbo dinâmico,,dividir,,,,,,1,"Pakokai anɨ uheapë tëa parɨrii wei pei hẽe eha, pei xẽe eha, pei heri eha pë wëyëa piyëkëakema.","O Pakokai dividiu os anzóis que tinha comprado com o pai, o sogro e o cunhado.",,
xëkëkë,2013-06-11T16:18:26Z,2018-02-04T12:01:08Z,6d2ea388-56a2-4fd8-b79b-0d01a0264db5,xëkëkë_6d2ea388-56a2-4fd8-b79b-0d01a0264db5,root,82be8df6-efb1-494e-a86a-5198fd2ee905,1,Verbo posicional,,mortos? jazer morto?,,,mortos? jazer morto?,,,1,Pao a nomarayu wei a waximi xëkëkëa.,,,
xẽkrẽkẽ,2013-06-11T16:18:26Z,2018-02-04T12:01:08Z,dae3be23-568e-4f5c-970e-ccb9b8c93da9,xẽkrẽkẽ_dae3be23-568e-4f5c-970e-ccb9b8c93da9,root,d250eb55-7749-4e1d-8726-a62660cdd7f7,1,Verbo adjetivo,,cruzado,,,cruzado,,,1,Yurinakɨ raa e sihi moxikɨ xekreke mahi.,,,
xẽkrẽkẽ,2013-06-11T16:18:26Z,2018-02-04T12:01:08Z,dae3be23-568e-4f5c-970e-ccb9b8c93da9,xẽkrẽkẽ_dae3be23-568e-4f5c-970e-ccb9b8c93da9,root,d250eb55-7749-4e1d-8726-a62660cdd7f7,1,Verbo adjetivo,,cruzado,,,cruzado,,,2,,,,
xẽkrẽkẽ,2013-06-11T16:18:26Z,2018-02-04T12:01:08Z,dae3be23-568e-4f5c-970e-ccb9b8c93da9,xẽkrẽkẽ_dae3be23-568e-4f5c-970e-ccb9b8c93da9,root,d250eb55-7749-4e1d-8726-a62660cdd7f7,1,Verbo adjetivo,,cruzado,,,cruzado,,,3,Huu ya  tihikɨ xẽkrẽkẽ pou.,,,
xẽkrẽkẽ,2013-06-11T16:18:26Z,2018-02-04T12:01:08Z,dae3be23-568e-4f5c-970e-ccb9b8c93da9,xẽkrẽkẽ_dae3be23-568e-4f5c-970e-ccb9b8c93da9,root,d250eb55-7749-4e1d-8726-a62660cdd7f7,1,Verbo adjetivo,,cruzado,,,cruzado,,,4,,,,
xẽkrẽkẽ,2013-06-11T16:18:26Z,2018-02-04T12:01:08Z,dae3be23-568e-4f5c-970e-ccb9b8c93da9,xẽkrẽkẽ_dae3be23-568e-4f5c-970e-ccb9b8c93da9,root,d250eb55-7749-4e1d-8726-a62660cdd7f7,1,Verbo adjetivo,,cruzado,,,cruzado,,,5,huu tihikɨ xẽkrẽkẽ.,,,
xẽkrẽkẽãɨ,2013-06-11T16:18:26Z,2018-02-04T12:01:08Z,64b041cc-461d-42c4-9cb7-4b2c4a3c39a4,xẽkrẽkẽãɨ_64b041cc-461d-42c4-9cb7-4b2c4a3c39a4,root,e64bc5f0-4afd-4594-bddb-82ef4a182516,1,Verbo,,fazer forquilha (xẽkrẽkẽ),,,fazer forquilha (xẽkrẽkẽ),,,,,,,
xẽkrẽkẽãɨ,2013-07-30T10:23:44Z,2018-02-04T12:01:08Z,f91f7122-ad81-4119-b504-b23c9fa3116e,xẽkrẽkẽãɨ2_f91f7122-ad81-4119-b504-b23c9fa3116e,stem,6607ae5b-bba3-4108-8875-fe58597365de,1,Verbo,,fazer forquilha (xẽkrẽkẽ),,,,,,1,,,,
xẽkrẽkẽãɨ,2013-07-30T10:23:44Z,2018-02-04T12:01:08Z,f91f7122-ad81-4119-b504-b23c9fa3116e,xẽkrẽkẽãɨ2_f91f7122-ad81-4119-b504-b23c9fa3116e,stem,6607ae5b-bba3-4108-8875-fe58597365de,1,Verbo,,fazer forquilha (xẽkrẽkẽ),,,,,,2,,,,
xinakɨ këyëhërima,2013-07-28T19:48:41Z,2018-02-04T12:01:08Z,9c8df209-2db9-4824-864e-2607c4bba53f,xinakɨ këyëhërima_9c8df209-2db9-4824-864e-2607c4bba53f,discontiguous phrase,809eab21-dff5-4f9b-ad18-f2ecd1e5c3f3,1,Substantivo do Tipo 1,Muscidade,mosca grande (këyëhë=chueco),,mosca grande (këyëhë=chueco),,,,,,,,
yakë,2013-06-11T16:18:27Z,2018-02-04T12:01:08Z,c837e91f-bb80-42d2-aed8-30588eecef40,yakë_c837e91f-bb80-42d2-aed8-30588eecef40,root,b982e443-afd1-4b88-beb5-7eac28005b1c,1,Verbo,,errar,to err,,errar,,,1,Hei ëkamotima thëha wa yakërayoma.,Você errou esta subtração.,,
yakë,2013-06-11T16:18:27Z,2018-02-04T12:01:08Z,c837e91f-bb80-42d2-aed8-30588eecef40,yakë_c837e91f-bb80-42d2-aed8-30588eecef40,root,b982e443-afd1-4b88-beb5-7eac28005b1c,1,Verbo,,errar,to err,,errar,,,2,"Pirio yo ha napë a ha yakërɨnɨ, a marayoma.",O branco errou o caminho e se perdeu.,,
yakëhë,2013-06-11T16:18:27Z,2019-04-15T14:49:28Z,5fc0d6a7-fbdc-4277-a88e-7bd84e174bc3,yakëhë_5fc0d6a7-fbdc-4277-a88e-7bd84e174bc3,root,3e6f567b-ed5a-410a-8f55-c0c2840e6147,1,Verbo adjetivo,,errado,to be wrong,,errado,,,1,"Wãrãpata wã haɨ tëhë, Matorai anɨ napë thãaha thãa xaari wëama makii, thãa wãisĩpë yakëhë wëama.","Matorai traduziu bem a fala do velho, mas errou um pouquinho.",,
yakëhë,2013-07-30T10:23:59Z,2018-02-04T12:01:08Z,8f7e3f17-910a-47a0-9eab-f27d8303662b,yakëhë2_8f7e3f17-910a-47a0-9eab-f27d8303662b,stem,cc69878b-13c1-42b9-872f-babe7f21ecc8,1,Verbo adjetivo,,errado,,,,,,1,"Wãrãpata wã haɨ tëhë, Matorai anɨ napë thãaha thãa xaari wëama makii, thãa wãisĩpë yakëhë wëama.","Matorai traduziu bem a fala do velho, mas errou um pouquinho.",,
yakëhuu,2013-07-30T10:23:59Z,2018-02-04T12:01:08Z,32fb6533-cb85-4b21-829d-3542ba48e44c,yakëhuu1_32fb6533-cb85-4b21-829d-3542ba48e44c,stem,1c24a96a-7277-45c1-9885-da5e0f764999,1,Verbo dinâmico,,errar um destino; ir para direção errada,,,,,,1,Ccpy yano kuopë ha ya yakëhoma.,Eu não acertei o endereço da CCPY.,,
yakëhuu,2013-07-30T10:23:59Z,2018-02-04T12:01:08Z,8d701035-4248-4ee4-aacf-618b1090f280,yakëhuu2_8d701035-4248-4ee4-aacf-618b1090f280,stem,da5a4a3b-6762-43ff-9ea6-4618a864d791,1,Verbo dinâmico,,errar (ir errado),,,,,,1,"Moko a yakëhuu mahĩoma makii, a xaaria xoapramorayoma.","A moça errou muito, mas depois se corrigiu.",,
yakëhuu,2013-07-30T10:23:59Z,2018-02-04T12:01:08Z,8d701035-4248-4ee4-aacf-618b1090f280,yakëhuu2_8d701035-4248-4ee4-aacf-618b1090f280,stem,da5a4a3b-6762-43ff-9ea6-4618a864d791,1,Verbo dinâmico,,errar (ir errado),,,,,,2,Ccpy yano kuopë ha ya yakëhoma.,Eu errei o endereço da CCPY.,,
yakëɨ,2013-07-30T10:23:59Z,2018-02-04T12:01:08Z,650f874b-dcb8-4c0e-bb8a-8dcc72233588,yakëɨ1_650f874b-dcb8-4c0e-bb8a-8dcc72233588,stem,de213e33-549e-4afe-a8d2-e2f6debac1f5,1,Verbo,,"ser derrotado (jogo, duelo...)",,,,,,1,Ipa pë xeeranonɨ pirio yoka ha xëatima thë haa manini yarohe pë yakërayoma.,Meu time não marcou nenhum gol e perdemos o jogo.,,
yakëɨ,2013-07-30T10:23:59Z,2018-02-04T12:01:08Z,43dd6334-a894-4a3a-9fa2-d72c9a182a8c,yakëɨ2_43dd6334-a894-4a3a-9fa2-d72c9a182a8c,stem,e2400b95-3a04-4c2d-8599-c0a06e52213d,1,Verbo,,errar,,,,,,1,Hei ëkamotima thëha wa yakërayoma.,Você errou esta subtração.,,
yakëɨ,2013-07-30T10:23:59Z,2018-02-04T12:01:08Z,43dd6334-a894-4a3a-9fa2-d72c9a182a8c,yakëɨ2_43dd6334-a894-4a3a-9fa2-d72c9a182a8c,stem,e2400b95-3a04-4c2d-8599-c0a06e52213d,1,Verbo,,errar,,,,,,2,"Pirio yo ha napë a ha yakërɨnɨ, a marayoma.",O branco errou o caminho e se perdeu.,,
yãkẽtẽ,2013-06-11T16:18:27Z,2018-02-04T12:01:08Z,5396d17c-21bd-4681-a99b-ec5c33b57dae,yãkẽtẽ_5396d17c-21bd-4681-a99b-ec5c33b57dae,root,f638eb88-9b1a-44d6-b2e1-9d199ce6e77d,1,Verbo adjetivo,,pequeno demais; 'miniatura',,,pequeno demais; 'miniatura',,,1,napë anɨ thuwë eha pasiya a hɨpɨkema maki a yãkẽtẽ taarema.,,,
yãkẽtẽ,2013-06-11T16:18:27Z,2018-02-04T12:01:08Z,5396d17c-21bd-4681-a99b-ec5c33b57dae,yãkẽtẽ_5396d17c-21bd-4681-a99b-ec5c33b57dae,root,f638eb88-9b1a-44d6-b2e1-9d199ce6e77d,1,Verbo adjetivo,,pequeno demais; 'miniatura',,,pequeno demais; 'miniatura',,,2,Thuwë moko thënɨ xotehepë tiyëɨ taimi yaro ehe yãkẽtẽ,,,
yãkẽtẽ,2013-07-30T10:23:58Z,2018-02-04T12:01:08Z,44e95eca-c8c3-4a46-91d7-11169577b219,yãkẽtẽ2_44e95eca-c8c3-4a46-91d7-11169577b219,stem,c48c80e4-3f44-4b48-adcc-97779ee2ba6c,1,Verbo adjetivo,,pequeno demais; 'miniatura',,,,,,1,napë anɨ thuwë eha pasiya a hɨpɨkema maki a yãkẽtẽ taarema.,,,
yãkẽtẽ,2013-07-30T10:23:58Z,2018-02-04T12:01:08Z,44e95eca-c8c3-4a46-91d7-11169577b219,yãkẽtẽ2_44e95eca-c8c3-4a46-91d7-11169577b219,stem,c48c80e4-3f44-4b48-adcc-97779ee2ba6c,1,Verbo adjetivo,,pequeno demais; 'miniatura',,,,,,2,Thuwë moko thënɨ xotehepë tiyëɨ taimi yaro ehe yãkẽtẽ,,,
yupu wakërima uxi,2013-07-28T19:56:37Z,2018-02-04T12:01:08Z,f8f88b04-0b28-4730-9558-5ec396e82453,yupu wakërima uxi_f8f88b04-0b28-4730-9558-5ec396e82453,discontiguous phrase,eb9defa5-b2aa-429d-b88a-131280a548f3,1,Substantivo com classificador,Columbina  talpacoti,Rolinha-roxa,Ruddy Ground-Dove,Columbina Colorada,,,,1,ouvir canto,,,
Será que vai dar certo????,2013-07-30T10:20:58Z,2018-02-04T12:01:08Z,g8bacad7-8215-4a38-822f-62cba4ab6709,teste_g8bacad7-8215-4a38-822f-62cba4ab6709,stem,,,,,,,,,,,,,,,
Será qdfsfsdfsdfsdfsdfsdfsdffsdue vai dar certo????,2013-07-30T10:20:58Z,2018-02-04T12:01:08Z,g8bacad7-8215-4a38-822f-62cba4ab6709,teste_g8bacad7-8215-4a38-822f-62cba4ab6709,stem,,,,,,,,,,,,,,,
